Term [en],Description [en],Part of Speech [en],Status [en],Type [en],Gender [en],Note [en],Url [en],Term [be],Description [be],Part of Speech [be],Status [be],Type [be],Gender [be],Note [be],Url [be],Term [pl],Description [pl],Part of Speech [pl],Status [pl],Type [pl],Gender [pl],Note [pl],Url [pl],Term [ru],Description [ru],Part of Speech [ru],Status [ru],Type [ru],Gender [ru],Note [ru],Url [ru],Term [uk],Description [uk],Part of Speech [uk],Status [uk],Type [uk],Gender [uk],Note [uk],Url [uk],Concept Definition,Concept Subject,Concept Note,Concept Url,Concept Figure,Translatable
Spirit's Eve,,,,,,,,Ноч Духаў,,,,,,Stardew Valley,,,,,,,,,,,,,,,,,,,,,,,,,,,,,,,yes
Luau,,,,,,,,Луау,,,,,,Stardew Valley,,,,,,,,,,,,,,,,,,,,,,,,,,,,,,,yes
Abigail,,,,,,,,Эбігейл,,,,,FEMININE,Stardew Valley,,,,,,,,,,,,,,,,,,,,,,,,,,,,,,,yes
Sebastian,,,,,,,,Сэбастыян,,,,,MASCULINE,Stardew Valley,,,,,,,,,,,,,,,,,,,,,,,,,,,,,,,yes
gridball,,,,,,,,грыдбол,,,,,,Stardew Valley,,,,,,,,,,,,,,,,,,,,,,,,,,,,,,,yes
Haley,,,,,,,,Хэйлі,,,,,,Stardew Valley,,,,,,,,,,,,,,,,,,,,,,,,,,,,,,,yes
Caroline,,,,,,,,Кэралайн,,,,,,Stardew Valley,,,,,,,,,,,,,,,,,,,,,,,,,,,,,,,yes
Clint,,,,,,,,Клінт,,,,,,Stardew Valley,,,,,,,,,,,,,,,,,,,,,,,,,,,,,,,yes
Demetrius,,,,,,,,Дэметрыюс,,,,,,Stardew Valley,,,,,,,,,,,,,,,,,,,,,,,,,,,,,,,yes
Maru,,,,,,,,Мару,,,,,,Stardew Valley,,,,,,,,,,,,,,,,,,,,,,,,,,,,,,,yes
Robin,,,,,,,,Робін,,,,,,Stardew Valley,,,,,,,,,,,,,,,,,,,,,,,,,,,,,,,yes
Pam,,,,,,,,Пэм,,,,,,,,,,,,,,,,,,,,,,,,,,,,,,,,,,,,,yes
tomato,,,,,,,,памідор,,,,,,,,,,,,,,,,,,,,,,,,,,,,,,,,,,,,,yes
water retaining soil,,,,,,,,вадазахавальная глеба,,,,,,,,,,,,,,,,,,,,,,,,,,,,,,,,,,,,,yes
Elliott,,,,,,,,Элліёт,,,,,,Stardew Valley,,,,,,,,,,,,,,,,,,,,,,,,,,,,,,,yes
Gus,,,,,,,,Гас,,,,,,Stardew Valley,,,,,,,,,,,,,,,,,,,,,,,,,,,,,,,yes
Coop,,,,,,,,Катух,,,,,,,,,,,,,,,,,,,,,,,,,,,,,,,,,,,,,yes
Stardew,,,,,,,,Стардзю,,,,,,Stardew Valley,,,,,,,,,,,,,,,,,,,,,,,,,,,,,,,yes
Sunflower,,,,,,,,Сонечнік,,,,,,,,,,,,,,,,,,,,,,,,,,,,,,,,,,,,,yes
hardwood,,,,,,,,цвёрдая драўніна,,,,,,,,,,,,,,,,,,,,,,,,,,,,,,,,,,,,,yes
Slime,,,,,,,,Слізь,"Рэчыва, якое пакідаюць пасля сябе смаўжы",,,,,,,,,,,,,,,,,,,,,,,,,,,,,,,,,,,,yes
Pierre,,,,,,,,П’ер,,,,,,Stardew Valley,,,,,,,,,,,,,,,,,,,,,,,,,,,,,,,yes
Wizard,,,,,,,,Чараўнік,,,,,,,,,,,,,,,,,,,,,,,,,,,,,,,,,,,,,yes
horesradish,,,,,,,,Хрэн,,,,,,,,,,,,,,,,,,,,,,,,,,,,,,,,,,,,,yes
Saloon,,,,,,,,шынок,,,,,,,,,,,,,,,,,,,,,,,,,,,,,,,,,,,,,yes
Evelyn,,,,,,,,Эвелін,,,,,,Stardew Valley,,,,,,,,,,,,,,,,,,,,,,,,,,,,,,,yes
Exhaustion,,,,,,,,знямога,,,,,,,,,,,,,,,,,,,,,,,,,,,,,,,,,,,,,yes
Ring,,,,,,,,пярсцёнак,,,,,,,,,,,,,,,,,,,,,,,,,,,,,,,,,,,,,yes
Fall,,,,,,,,восень,,,,,,,,,,,,,,,,,,,,,,,,,,,,,,,,,,,,,yes
sprinkler,,,,,,,,спырсквальнік,,,,,,,,,,,,,,,,,,,,,,,,,,,,,,,,,,,,,yes
Feast of the Winter Star,,,,,,,,Бяседа Зімняй Зоркі,,,,,,Stardew Valley,,,,,,,,,,,,,,,,,,,,,,,,,,,,,,,yes
Agricultural Fund,,,,,,,,сельскагаспадарчы фонд,,,,,,,,,,,,,,,,,,,,,,,,,,,,,,,,,,,,,yes
Lewis,,,,,,,,Льюіс,,,,,,Stardew Valley,,,,,,,,,,,,,,,,,,,,,,,,,,,,,,,yes
Emily,,,,,,,,Эмілі,,,,,,Stardew Valley,,,,,,,,,,,,,,,,,,,,,,,,,,,,,,,yes
Marnie,,,,,,,,Марні,,,,,,Stardew Valley,,,,,,,,,,,,,,,,,,,,,,,,,,,,,,,yes
Shane,,,,,,,,Шэйн,,,,,,Stardew Valley,,,,,,,,,,,,,,,,,,,,,,,,,,,,,,,yes
Sandy,,,,,,,,Сэндзі,,,,,,Stardew Valley,,,,,,,,,,,,,,,,,,,,,,,,,,,,,,,yes
Linus,,,,,,,,Лінус,,,,,,Stardew Valley,,,,,,,,,,,,,,,,,,,,,,,,,,,,,,,yes
George,,,,,,,,Джордж,,,,,,Stardew Valley,,,,,,,,,,,,,,,,,,,,,,,,,,,,,,,yes
Jodi,,,,,,,,Джодзі,,,,,,Stardew Valley,,,,,,,,,,,,,,,,,,,,,,,,,,,,,,,yes
Kent,,,,,,,,Кент,,,,,,Stardew Valley,,,,,,,,,,,,,,,,,,,,,,,,,,,,,,,yes
Willy,,,,,,,,Уіллі,,,,,,Stardew Valley,,,,,,,,,,,,,,,,,,,,,,,,,,,,,,,yes
Penny,,,,,,,,Пэнні,,,,,,Stardew Valley,,,,,,,,,,,,,,,,,,,,,,,,,,,,,,,yes
Journey Of The Prairie King,,,,,,,,Падарожжа караля прэрый,,,,,,Stardew Valley,,,,,,,,,,,,,,,,,,,,,,,,,,,,,,,yes
Harvey,,,,,,,,Харві,,,,,,Stardew Valley,,,,,,,,,,,,,,,,,,,,,,,,,,,,,,,yes
Alex,,,,,,,,Алекс,,,,,,Stardew Valley,,,,,,,,,,,,,,,,,,,,,,,,,,,,,,,yes
Jas,,,,,,,,Джас,,,,,,Stardew Valley,,,,,,,,,,,,,,,,,,,,,,,,,,,,,,,yes
Leah,,,,,,,,Лея,,,,,,Stardew Valley,,,,,,,,,,,,,,,,,,,,,,,,,,,,,,,yes
Rasmodius,,,,,,,,Размодыюс,,,,,,Stardew Valley,,,,,,,,,,,,,,,,,,,,,,,,,,,,,,,yes
Marlon,,,,,,,,Мэрлан,,,,,,Stardew Valley,,,,,,,,,,,,,,,,,,,,,,,,,,,,,,,yes
JojaMart,,,,,,,,ДжоджаМарт,,,,,,Stardew Valley,,,,,,,,,,,,,,,,,,,,,,,,,,,,,,,yes
Morris,,,,,,,,Морыс,,,,,,Stardew Valley,,,,,,,,,,,,,,,,,,,,,,,,,,,,,,,yes
Krobus,,,,,,,,Кробус,,,,,,Stardew Valley,,,,,,,,,,,,,,,,,,,,,,,,,,,,,,,yes
ranch,,,,,,,,сядзіба,,,,,,,,,,,,,,,,,,,,,,,,,,,,,,,,,,,,,yes
barn,,,,,,,,хлеў,,,,,,,,,,,,,,,,,,,,,,,,,,,,,,,,,,,,,yes
wool,,,,,,,,воўна,,,,,,,,,,,,,,,,,,,,,,,,,,,,,,,,,,,,,yes
loom,,,,,,,,калаўрот,,,,,,,,,,,,,,,,,,,,,,,,,,,,,,,,,,,,,yes
slurp,,,,,,,,сёрбае,,,,,,,,,,,,,,,,,,,,,,,,,,,,,,,,,,,,,yes
gasp,,,,,,,,вохкае,,,,,,,,,,,,,,,,,,,,,,,,,,,,,,,,,,,,,yes
Vincent,,,,,,,,Вінцэнт,,,,,,,,,,,,,,,,,,,,,,,,,,,,,,,,,,,,,yes
dear,,,,,,,,шаноўны,,,,,,,,,,,,,,,,,,,,,,,,,,,,,,,,,,,,,yes
hun,,,,,,,,"котка, каток",,,,,,,,,,,,,,,,,,,,,,,,,,,,,,,,,,,,,yes
Honey,,,,,,,,мёд,Да таго што робяць пчолы,,,,,,,,,,,,,,,,,,,,,,,,,,,,,,,,,,,,yes
community,,,,,,,,грамада,,,,,,,,,,,,,,,,,,,,,,,,,,,,,,,,,,,,,yes
Dusty,,,,,,,,Пылок,,,,,,,,,,,,,,,,,,,,,,,,,,,,,,,,,,,,,yes
pant,,,,,,,,затыхацца,,,,,,,,,,,,,,,,,,,,,,,,,,,,,,,,,,,,,yes
kickflip,,,,,,,,кік-фліп,,,,,,,,,,,,,,,,,,,,,,,,,,,,,,,,,,,,,yes
Gil,,,,,,,,Гіл,,,,,,,,,,,,,,,,,,,,,,,,,,,,,,,,,,,,,yes
gurgle,,,,,,,,булькатанне,,,,,,,,,,,,,,,,,,,,,,,,,,,,,,,,,,,,,yes
amulet,,,,,,,,амулет,,,,,,,,,,,,,,,,,,,,,,,,,,,,,,,,,,,,,yes
town,,,,,,,,мястэчка,,,,,,,,,,,,,,,,,,,,,,,,,,,,,,,,,,,,,yes
Fern Islands,,,,,,,,астравы Папараці,,,,,,Stardew Valley,,,,,,,,,,,,,,,,,,,,,,,,,,,,,,,yes
dinner,,,,,,,,вячэра,,,,,,,,,,,,,,,,,,,,,,,,,,,,,,,,,,,,,yes
Good morning,,,,,,,,добры дзень,,,,,,,,,,,,,,,,,,,,,,,,,,,,,,,,,,,,,yes
Yoba,,,,,,,,Ёба,,,,,,Stardew Valley,,,,,,,,,,,,,,,,,,,,,,,,,,,,,,,yes
shadow people,,,,,,,,Ценявы народ,,,,,,,,,,,,,,,,,,,,,,,,,,,,,,,,,,,,,yes
Dwarf,,,,,,,,красналюдак,,,,,,,,,,,,,,,,,,,,,,,,,,,,,,,,,,,,,yes
flower dance,,,,,,,,кветкавы баль,,,,,,,,,,,,,,,,,,,,,,,,,,,,,,,,,,,,,yes
mermaid's pendant,,,,,,,,русалчына падвеска,,,,,,,,,,,,,,,,,,,,,,,,,,,,,,,,,,,,,yes
spice berry,,,,,,,,мучніца,,,,,,,,,,,,,,,,,,,,,,,,,,,,,,,,,,,,,yes
Pepper Rex,,,,,,,,Перцазаўр рэкс,,,,,,,,,,,,,,,,,,,,,,,,,,,,,,,,,,,,,yes
Serpent,,,,,,,,Вужака,,,,,,,,,,,,,,,,,,,,,,,,,,,,,,,,,,,,,yes
Rock Crab,,,,,,,,Каменны краб,,,,,,,,,,,,,,,,,,,,,,,,,,,,,,,,,,,,,yes
Quarry,,,,,,,,Кар’ер,,,,,,,,,,,,,,,,,,,,,,,,,,,,,,,,,,,,,yes
Old Mariner,,,,,,,,стары марак,,,,,,,,,,,,,,,,,,,,,,,,,,,,,,,,,,,,,yes
Lupini,,,,,,,,Люпіні,,,,,,,,,,,,,,,,,,,,,,,,,,,,,,,,,,,,,yes
Cannoli,,,,,,,,Каннолі,,,,,,,,,,,,,,,,,,,,,,,,,,,,,,,,,,,,,yes
tile,,,,,,,,каморка,,,,,,,,,,,,,,,,,,,,,,,,,,,,,,,,,,,,,yes
stool,,,,,,,,зэдаль,,,,,,,,,,,,,,,,,,,,,,,,,,,,,,,,,,,,,yes
Brazier,,,,,,,,жарніца,,,,,,,,,,,,,,,,,,,,,,,,,,,,,,,,,,,,,yes
Heater,,,,,,,,грэйнік,,,,,,,,,,,,,,,,,,,,,,,,,,,,,,,,,,,,,yes
Tapper,,,,,,,,смольніца,,,,,,,,,,,,,,,,,,,,,,,,,,,,,,,,,,,,,yes
Hopper,,,,,,,,кармавы кантэйнер,,,,,,,,,,,,,,,,,,,,,,,,,,,,,,,,,,,,,yes
Bait,,,,,,,,прынада,,,,,,,,,,,,,,,,,,,,,,,,,,,,,,,,,,,,,yes
trinket,,,,,,,,бірулька,,,,,,,,,,,,,,,,,,,,,,,,,,,,,,,,,,,,,yes
Void,,,,,,,,пустэча,,,,,,,,,,,,,,,,,,,,,,,,,,,,,,,,,,,,,yes
Joja Cola,,,,,,,,Джоджа-Кола,,,,,,Stardew Valley,,,,,,,,,,,,,,,,,,,,,,,,,,,,,,,yes
tool,,,,,,,,снадзіва,,,,,,,,,,,,,,,,,,,,,,,,,,,,,,,,,,,,,yes
Mine,,,,,,,,капальня,,,,,,,,,,,,,,,,,,,,,,,,,,,,,,,,,,,,,yes
slot,,,,,,,,ячэйка,,,,,,,,,,,,,,,,,,,,,,,,,,,,,,,,,,,,,yes
Statue of Endless Fortune,,,,,,,,Статуя бясконцага багацця,,,,,,Stardew Valley,,,,,,,,,,,,,,,,,,,,,,,,,,,,,,,yes
shaft,,,,,,,,шахта,,,,,,,,,,,,,,,,,,,,,,,,,,,,,,,,,,,,,yes
Statue Of Uncertainty,,,,,,,,Статуя Няўпэўненасці,,,,,,Stardew Valley,,,,,,,,,,,,,,,,,,,,,,,,,,,,,,,yes
profession,,,,,,,,спецыялізацыя,,,,,,,,,,,,,,,,,,,,,,,,,,,,,,,,,,,,,yes
Bun,,,,,,,,пампушка,,,,,,,,,,,,,,,,,,,,,,,,,,,,,,,,,,,,,yes
foraging,,,,,,,,збіранне,,,,,,,,,,,,,,,,,,,,,,,,,,,,,,,,,,,,,yes
fishing,,,,,,,,рыбацтва,,,,,,,,,,,,,,,,,,,,,,,,,,,,,,,,,,,,,yes
mining,,,,,,,,шахтарства,,,,,,,,,,,,,,,,,,,,,,,,,,,,,,,,,,,,,yes
combat,,,,,,,,навыкі бою,,,,,,,,,,,,,,,,,,,,,,,,,,,,,,,,,,,,,yes
MARILDA,,,,,,,,МарІЛДА,,,,,,Stardew Valley,,,,,,,,,,,,,,,,,,,,,,,,,,,,,,,yes
strawberry,,,,,,,,клубніцы,,,,,,,,,,,,,,,,,,,,,,,,,,,,,,,,,,,,,yes
sap,,,,,,,,жывіца,,,,,,,,,,,,,,,,,,,,,,,,,,,,,,,,,,,,,yes
Gunther,,,,,,,,Гюнтар,,,,,,,,,,,,,,,,,,,,,,,,,,,,,,,,,,,,,yes
pants,,,,,,,,штаны,,,,,,,,,,,,,,,,,,,,,,,,,,,,,,,,,,,,,yes
Barrel,,,,,,,,бочка,,,,,,,,,,,,,,,,,,,,,,,,,,,,,,,,,,,,,yes
Trout,,,,,,,,Стронга,,,,,,,,,,,,,,,,,,,,,,,,,,,,,,,,,,,,,yes
Sapling,,,,,,,,саджанец,,,,,,,,,,,,,,,,,,,,,,,,,,,,,,,,,,,,,yes
Joja,,,,,,,,Джоджа,,,,,,Stardew Valley,,,,,,,,,,,,,,,,,,,,,,,,,,,,,,,yes
Bookcase,,,,,,,,этажэрка,,,,,,,,,,,,,,,,,,,,,,,,,,,,,,,,,,,,,yes
Junimo,,,,,,,,джуніма,,,,,,,,,,,,,,,,,,,,,,,,,,,,,,,,,,,,,yes
Community Center,,,,,,,,дом культуры,,,,,,,,,,,,,,,,,,,,,,,,,,,,,,,,,,,,,yes
Professor Snail,,,,,,,,прафесар Смаўжановіч,,,,,,Stardew Valley,,,,,,,,,,,,,,,,,,,,,,,,,,,,,,,yes
journal,,,,,,,,дзённік,,,,,,,,,,,,,,,,,,,,,,,,,,,,,,,,,,,,,yes
Skill,,,,,,,,уменне,,,,,,,,,,,,,,,,,,,,,,,,,,,,,,,,,,,,,yes
geode,,,,,,,,жэода,,,,,,,,,,,,,,,,,,,,,,,,,,,,,,,,,,,,,yes
Level,,,,,,,,узровень,,,,,,,,,,,,,,,,,,,,,,,,,,,,,,,,,,,,,yes
Gem,,,,,,,,самацвет,,,,,,,,,,,,,,,,,,,,,,,,,,,,,,,,,,,,,yes
magi-seal,,,,,,,,магічная пячатка,,,,,,,,,,,,,,,,,,,,,,,,,,,,,,,,,,,,,yes
Mr. Qi,,,,,,,,Спадар Кі,,,,,,Stardew Valley,,,,,,,,,,,,,,,,,,,,,,,,,,,,,,,yes
Birthday,,,,,,,,народзіны,,,,,,,,,,,,,,,,,,,,,,,,,,,,,,,,,,,,,yes
Syrup,,,,,,,,сіроп,,,,,,,,,,,,,,,,,,,,,,,,,,,,,,,,,,,,,yes
Junimo Kart,,,,,,,,Джуніма Карт,,,,,,Stardew Valley,,,,,,,,,,,,,,,,,,,,,,,,,,,,,,,yes
divorce,,,,,,,,роспуст,,,,,,,,,,,,,,,,,,,,,,,,,,,,,,,,,,,,,yes
Bouncer,,,,,,,,Выкідала,,,,,,,,,,,,,,,,,,,,,,,,,,,,,,,,,,,,,yes
Governor,,,,,,,,Губернатар,,,,,,,,,,,,,,,,,,,,,,,,,,,,,,,,,,,,,yes
Leo,,,,,,,,Леа,,,,,,Stardew Valley,,,,,,,,,,,,,,,,,,,,,,,,,,,,,,,yes
Sam,,,,,,,,Сэм,,,,,,Stardew Valley,,,,,,,,,,,,,,,,,,,,,,,,,,,,,,,yes
Welwick,,,,,,,,Уэлвік,,,,,,,,,,,,,,,,,,,,,,,,,,,,,,,,,,,,,yes
Fizz,,,,,,,,Фіз,,,,,,,,,,,,,,,,,,,,,,,,,,,,,,,,,,,,,yes
Ferngill Republic,,,,,,,,Рэспубліка Фэрнгіл,,,,,,Stardew Valley,,,,,,,,,,,,,,,,,,,,,,,,,,,,,,,yes
Mystery Box,,,,,,,,Таямнічая скрыня,,,,,,,,,,,,,,,,,,,,,,,,,,,,,,,,,,,,,yes
Charm,,,,,,,,Кулон,,,,,,,,,,,,,,,,,,,,,,,,,,,,,,,,,,,,,yes
Spangle,,,,,,,,Бліскотка,,,,,,,,,,,,,,,,,,,,,,,,,,,,,,,,,,,,,yes
Gem Sea,,,,,,,,Самацветнае мора,,,,,,Stardew Valley,,,,,,,,,,,,,,,,,,,,,,,,,,,,,,,yes
Boat,,,,,,,,Вадаплаў,,,,,,,,,,,,,,,,,,,,,,,,,,,,,,,,,,,,,yes
Cheese Press,,,,,,,,Сыраварня,,,,,,,,,,,,,,,,,,,,,,,,,,,,,,,,,,,,,yes
Shipping Bin,,,,,,,,Адпраўная скрыня,,,,,,,,,,,,,,,,,,,,,,,,,,,,,,,,,,,,,yes
Wumbus,,,,,,,,Вумбус,,,,,,Stardew Valley,,,,,,,,,,,,,,,,,,,,,,,,,,,,,,,yes
Prairie Island,,,,,,,,востраў Прэрый,,,,,,Stardew Valley,,,,,,,,,,,,,,,,,,,,,,,,,,,,,,,yes
Stardrop,,,,,,,,Знічкаўка,,,,,,Stardew Valley,,,,,,,,,,,,,,,,,,,,,,,,,,,,,,,yes
Pelican,,,,,,,,Пелікан,,,,,,Stardew Valley,,,,,,,,,,,,,,,,,,,,,,,,,,,,,,,yes
Abby,,,,,,,,Эбі,,,,,,Stardew Valley,,,,,,,,,,,,,,,,,,,,,,,,,,,,,,,yes
Silo,,,,,,,,Сіласная вежа,,,,,,,,,,,,,,,,,,,,,,,,,,,,,,,,,,,,,yes
desert,,,,,,,,пустэльня,,,,,,,,,,,,,,,,,,,,,,,,,,,,,,,,,,,,,yes
futan bear,,,,,,,,плюшавы мядзьведзік,,,,,,,,,,,,,,,,,,,,,,,,,,,,,,,,,,,,,yes
dresser,,,,,,,,камода,,,,,,,,,,,,,,,,,,,,,,,,,,,,,,,,,,,,,yes
furnace,,,,,,,,домна,,,,,,,,,,,,,,,,,,,,,,,,,,,,,,,,,,,,,yes
Cindersap Forest,,,,,,,,попельны лес,,,,,,,,,,,,,,,,,,,,,,,,,,,,,,,,,,,,,yes
Clinic,,,,,,,,клініка,,,,,,,,,,,,,,,,,,,,,,,,,,,,,,,,,,,,,yes
Secret Notes,,,,,,,,таямнічыя нататкі,,,,,,,,,,,,,,,,,,,,,,,,,,,,,,,,,,,,,yes
fiber,,,,,,,,валокны,,,,,,,,,,,,,,,,,,,,,,,,,,,,,,,,,,,,,yes
mixed seeds,,,,,,,,мяшанае насенне,,,,,,,,,,,,,,,,,,,,,,,,,,,,,,,,,,,,,yes
Trout Derby,,,,,,,,стронгавае спадужніцтва,,,,,,Stardew Valley,,,,,,,,,,,,,,,,,,,,,,,,,,,,,,,yes
fishing bar,,,,,,,,палоска лоўлі,,,,,,,,,,,,,,,,,,,,,,,,,,,,,,,,,,,,,yes
Anchovy,,,,,,,,хамса,,,,,,,,,,,,,,,,,,,,,,,,,,,,,,,,,,,,,yes
Apricot,,,,,,,,абрыкос,,,,,,,,,,,,,,,,,,,,,,,,,,,,,,,,,,,,,yes
Diamond,,,,,,,,дыямент,,,,,,,,,,,,,,,,,,,,,,,,,,,,,,,,,,,,,yes
gulp,,,,,,,,каўтаць,,,,,,,,,,,,,,,,,,,,,,,,,,,,,,,,,,,,,yes
Woody's Secret,,,,,,,,сакрэты пушчы,,,,,,Stardew Valley,,,,,,,,,,,,,,,,,,,,,,,,,,,,,,,yes
Woodcutter's Weekly,,,,,,,,разьбярскі штодзённік,,,,,,Stardew Valley,,,,,,,,,,,,,,,,,,,,,,,,,,,,,,,yes
Fair,,,,,,,,Кірмаш,,,,,,,,,,,,,,,,,,,,,,,,,,,,,,,,,,,,,yes
Walnut,,,,,,,,гарэх,,,,,,,,,,,,,,,,,,,,,,,,,,,,,,,,,,,,,yes
Crimsonfish,,,,,,,,Барварыб,,,,,,Stardew Valley,,,,,,,,,,,,,,,,,,,,,,,,,,,,,,,yes
Rainbow Trout,,,,,,,,пятэстая стронга,,,,,,,,,,,,,,,,,,,,,,,,,,,,,,,,,,,,,yes
Golden Tags,,,,,,,,залатая бірка,,,,,,,,,,,,,,,,,,,,,,,,,,,,,,,,,,,,,yes
tackle,,,,,,,,снасць,,,,,,,,,,,,,,,,,,,,,,,,,,,,,,,,,,,,,yes
Tunnelers,,,,,,,,Тунэльнікі,,,,,,Stardew Valley,,,,,,,,,,,,,,,,,,,,,,,,,,,,,,,yes
Mullner,,,,,,,,Малнэр,,,,,,Stardew Valley,,,,,,,,,,,,,,,,,,,,,,,,,,,,,,,yes
Bundle,,,,,,,,набор,(DST),,,,,,,,,,,,,,,,,,,,,,,,,,,,,,,,,,,,yes
Watering Can,,,,,,,,палівачка,,,,,,,,,,,,,,,,,,,,,,,,,,,,,,,,,,,,,yes
Fishing Rod,,,,,,,,вуда,,,,,,,,,,,,,,,,,,,,,,,,,,,,,,,,,,,,,yes
Axe,,,,,,,,сякера,,,,,,,,,,,,,,,,,,,,,,,,,,,,,,,,,,,,,yes
Crystalarium,,,,,,,,крышталярыум,,,,,,Stardew Valley,,,,,,,,,,,,,,,,,,,,,,,,,,,,,,,yes
haunted maze,,,,,,,,прывідны лабірынт,,,,,,,,,,,,,,,,,,,,,,,,,,,,,,,,,,,,,yes
fish pond,,,,,,,,рыбная сажалка,,,,,,,,,,,,,,,,,,,,,,,,,,,,,,,,,,,,,yes
hic,,,,,,,,ікае,,,,,,,,,,,,,,,,,,,,,,,,,,,,,,,,,,,,,yes
Livin' Off The Land,,,,,,,,Зямля-карміліца,,,,,,Stardew Valley,,,,,,,,,,,,,,,,,,,,,,,,,,,,,,,yes
Mountain Road,,,,,,,,Горны тракт,,,,,,Stardew Valley,,,,,,,,,,,,,,,,,,,,,,,,,,,,,,,yes
Worm Bin,,,,,,,,бак з чарвямі,,,,,,,,,,,,,,,,,,,,,,,,,,,,,,,,,,,,,yes
Ticket,,,,,,,,квіток,,,,,,,,,,,,,,,,,,,,,,,,,,,,,,,,,,,,,yes
Qi Bean,,,,,,,,боб Кі,,,,,,Stardew Valley,,,,,,,,,,,,,,,,,,,,,,,,,,,,,,,yes
Qi Fruit,,,,,,,,плод Кі,,,,,,Stardew Valley,,,,,,,,,,,,,,,,,,,,,,,,,,,,,,,yes
Bobber,,,,,,,,плавок,,,,,,,,,,,,,,,,,,,,,,,,,,,,,,,,,,,,,yes
Bat,,,,,,,,кажан,,,,,,,,,,,,,,,,,,,,,,,,,,,,,,,,,,,,,yes
Dust Sprite,,,,,,,,пыльны дух,,,,,,,,,,,,,,,,,,,,,,,,,,,,,,,,,,,,,yes
Grub,,,,,,,,лічынка,,,,,,,,,,,,,,,,,,,,,,,,,,,,,,,,,,,,,yes
leek,,,,,,,,парэй,,,,,,,,,,,,,,,,,,,,,,,,,,,,,,,,,,,,,yes
Prismatic,,,,,,,,Вясёлкавы,,,,,,,,,,,,,,,,,,,,,,,,,,,,,,,,,,,,,yes
Lionfish,,,,,,,,крылатка,,,,,,,,,,,,,,,,,,,,,,,,,,,,,,,,,,,,,yes
Stingray,,,,,,,,скат,,,,,,,,,,,,,,,,,,,,,,,,,,,,,,,,,,,,,yes
Discus,,,,,,,,дыскус,,,,,,,,,,,,,,,,,,,,,,,,,,,,,,,,,,,,,yes
Shard,,,,,,,,аскепак,,,,,,,,,,,,,,,,,,,,,,,,,,,,,,,,,,,,,yes
Deluxe,,,,,,,,дэлюксавы,,,,,,,,,,,,,,,,,,,,,,,,,,,,,,,,,,,,,yes
Chest,,,,,,,,куфар,,,,,,,,,,,,,,,,,,,,,,,,,,,,,,,,,,,,,yes
altar room,,,,,,,,малельня,,,,,,,,,,,,,,,,,,,,,,,,,,,,,,,,,,,,,yes
Copper,,,,,,,,медзяны,,,,,,,,,,,,,,,,,,,,,,,,,,,,,,,,,,,,,yes
Kale,,,,,,,,чорная капуста,,,,,,,,,,,,,,,,,,,,,,,,,,,,,,,,,,,,,yes
prize machine,,,,,,,,прызавы аўтамат,,,,,,,,,,,,,,,,,,,,,,,,,,,,,,,,,,,,,yes
experience,,,,,,,,досвед,,,,,,,,,,,,,,,,,,,,,,,,,,,,,,,,,,,,,yes
sob,,,,,,,,усхліпвае,,,,,,,,,,,,,,,,,,,,,,,,,,,,,,,,,,,,,yes
Artisan,,,,,,,,рамесны,,,,,,,,,,,,,,,,,,,,,,,,,,,,,,,,,,,,,yes
lock-box,,,,,,,,сейф,,,,,,,,,,,,,,,,,,,,,,,,,,,,,,,,,,,,,yes
blacksmith,,,,,,,,кузня,,,,,,,,,,,,,,,,,,,,,,,,,,,,,,,,,,,,,yes
carrot,,,,,,,,морква,,,,,,,,,,,,,,,,,,,,,,,,,,,,,,,,,,,,,yes
curator,,,,,,,,захавальнік,,,,,,,,,,,,,,,,,,,,,,,,,,,,,,,,,,,,,yes
Dark Talisman,,,,,,,,Цёмны Талісман,,,,,,,,,,,,,,,,,,,,,,,,,,,,,,,,,,,,,yes
ink,,,,,,,,атрамант,,,,,,,,,,,,,,,,,,,,,,,,,,,,,,,,,,,,,yes
sewer,,,,,,,,каналізацыя,,,,,,,,,,,,,,,,,,,,,,,,,,,,,,,,,,,,,yes
blackberry,,,,,,,,ажыны,,,,,,,,,,,,,,,,,,,,,,,,,,,,,,,,,,,,,yes
Void Essence,,,,,,,,Пустэчная эсэнцыя,,,,,,,,,,,,,,,,,,,,,,,,,,,,,,,,,,,,,yes
Fish Stew,,,,,,,,рыбная поліўка,,,,,,,,,,,,,,,,,,,,,,,,,,,,,,,,,,,,,yes
albacore,,,,,,,,альбакор,,,,,,,,,,,,,,,,,,,,,,,,,,,,,,,,,,,,,yes
pufferfish,,,,,,,,вожык-рыба,,,,,,,,,,,,,,,,,,,,,,,,,,,,,,,,,,,,,yes
starfruit,,,,,,,,карамбола,,,,,,,,,,,,,,,,,,,,,,,,,,,,,,,,,,,,,yes
Lobster,,,,,,,,амар,,,,,,,,,,,,,,,,,,,,,,,,,,,,,,,,,,,,,yes
Battery Pack,,,,,,,,акумулятор,,,,,,,,,,,,,,,,,,,,,,,,,,,,,,,,,,,,,yes
Lingcod,,,,,,,,трэпуг,,,,,,,,,,,,,,,,,,,,,,,,,,,,,,,,,,,,,yes
necklace,,,,,,,,каралі,,,,,,,,,,,,,,,,,,,,,,,,,,,,,,,,,,,,,yes
trough,,,,,,,,карыта,,,,,,,,,,,,,,,,,,,,,,,,,,,,,,,,,,,,,yes
note,,,,,,,,запіска,,,,,,,,,,,,,,,,,,,,,,,,,,,,,,,,,,,,,yes
Yam,,,,,,,,Батат,,,,,,,,,,,,,,,,,,,,,,,,,,,,,,,,,,,,,yes
Fairy Rose,,,,,,,,Чароўная ружа,,,,,,,,,,,,,,,,,,,,,,,,,,,,,,,,,,,,,yes
Plum Pudding,,,,,,,,слівавы пудынг,,,,,,,,,,,,,,,,,,,,,,,,,,,,,,,,,,,,,yes
Autumn's Bounty,,,,,,,,дары восені,,,,,,,,,,,,,,,,,,,,,,,,,,,,,,,,,,,,,yes
bachelor,,,,,,,,кавалер,,,,,,,,,,,,,,,,,,,,,,,,,,,,,,,,,,,,,yes
crab cakes,,,,,,,,крабавыя катлеткі,,,,,,,,,,,,,,,,,,,,,,,,,,,,,,,,,,,,,yes
pomegranate,,,,,,,,гранат,,,,,,,,,,,,,,,,,,,,,,,,,,,,,,,,,,,,,yes
Pepper Poppers,,,,,,,,Перцавыя бомбачкі,,,,,,,,,,,,,,,,,,,,,,,,,,,,,,,,,,,,,yes
Pink Cake,,,,,,,,ружовы торт,,,,,,,,,,,,,,,,,,,,,,,,,,,,,,,,,,,,,yes
Complete Breakfast,,,,,,,,поўны сняданак,,,,,,,,,,,,,,,,,,,,,,,,,,,,,,,,,,,,,yes
Salmon Dinner,,,,,,,,вячэра з ласося,,,,,,,,,,,,,,,,,,,,,,,,,,,,,,,,,,,,,yes
Ferngill,,,,,,,,Фэрнгіл,,,,,,,,,,,,,,,,,,,,,,,,,,,,,,,,,,,,,yes
Fertilizer,,,,,,,,угнаенне,,,,,,,,,,,,,,,,,,,,,,,,,,,,,,,,,,,,,yes
Auto-Grabber,,,,,,,,Аўтазбірач,,,,,,,,,,,,,,,,,,,,,,,,,,,,,,,,,,,,,yes
secret woods,,,,,,,,таямнічы лес,,,,,,,,,,,,,,,,,,,,,,,,,,,,,,,,,,,,,yes
Egg Festival,,,,,,,,Яечны Фестываль,,,,,,Stardew Valley,,,,,,,,,,,,,,,,,,,,,,,,,,,,,,,yes
Dragon Tooth,,,,,,,,Зуб цмока,,,,,,,,,,,,,,,,,,,,,,,,,,,,,,,,,,,,,yes
Frost Jelly,,,,,,,,марозная жэленка,,,,,,,,,,,,,,,,,,,,,,,,,,,,,,,,,,,,,yes
Duggy,,,,,,,,крот,,,,,,,,,,,,,,,,,,,,,,,,,,,,,,,,,,,,,yes
Spiker,,,,,,,,Шыпень,,,,,,Stardew Valley,,,,,,,,,,,,,,,,,,,,,,,,,,,,,,,yes
Lurk,,,,,,,,прытойнік,"Істота, пачвара",,,,,Stardew Valley,,,,,,,,,,,,,,,,,,,,,,,,,,,,,,,yes
Jelly,,,,,,,,жэле,,,,,,,,,,,,,,,,,,,,,,,,,,,,,,,,,,,,,yes
Archaeological Office,,,,,,,,археалагічнае бюро,,,,,,,,,,,,,,,,,,,,,,,,,,,,,,,,,,,,,yes
farmhouse,,,,,,,,хутар,,,,,,,,,,,,,,,,,,,,,,,,,,,,,,,,,,,,,yes
Stir Fry,,,,,,,,пражаніна,,,,,,,,,,,,,,,,,,,,,,,,,,,,,,,,,,,,,yes
garlic,,,,,,,,часнок,,,,,,,,,,,,,,,,,,,,,,,,,,,,,,,,,,,,,yes
Coleslaw,,,,,,,,капусная салата,,,,,,,,,,,,,,,,,,,,,,,,,,,,,,,,,,,,,yes
Radish Salad,,,,,,,,салата з радыскі,,,,,,,,,,,,,,,,,,,,,,,,,,,,,,,,,,,,,yes
Maki Roll,,,,,,,,сушы,,,,,,,,,,,,,,,,,,,,,,,,,,,,,,,,,,,,,yes
Artichoke Dip,,,,,,,,Мачанка з артышоку,,,,,,,,,,,,,,,,,,,,,,,,,,,,,,,,,,,,,yes
Glazed Yams,,,,,,,,глазураваны батат,,,,,,,,,,,,,,,,,,,,,,,,,,,,,,,,,,,,,yes
Baked Fish,,,,,,,,запечаная рыба,,,,,,,,,,,,,,,,,,,,,,,,,,,,,,,,,,,,,yes
Poppyseed Muffin,,,,,,,,макавы кекс,,,,,,,,,,,,,,,,,,,,,,,,,,,,,,,,,,,,,yes
Shrimp Cocktai,,,,,,,,Крэветкавы кактэйль,,,,,,,,,,,,,,,,,,,,,,,,,,,,,,,,,,,,,yes
Lobster Bisque,,,,,,,,суп-пюрэ з амараў,,,,,,,,,,,,,,,,,,,,,,,,,,,,,,,,,,,,,yes
Fiddlehead Risotto,,,,,,,,Рызота з папараці,,,,,,,,,,,,,,,,,,,,,,,,,,,,,,,,,,,,,yes
Blackberry Cobbler,,,,,,,,Ажынавы коблер,,,,,,,,,,,,,,,,,,,,,,,,,,,,,,,,,,,,,yes
Roasted Hazelnuts,,,,,,,,Смажаны фундук,,,,,,,,,,,,,,,,,,,,,,,,,,,,,,,,,,,,,yes
Membership,,,,,,,,сяброўства,,,,,,,,,,,,,,,,,,,,,,,,,,,,,,,,,,,,,yes
Community Development,,,,,,,,грамадскае развіццё,,,,,,,,,,,,,,,,,,,,,,,,,,,,,,,,,,,,,yes
fossil,,,,,,,,скамянеласць,,,,,,,,,,,,,,,,,,,,,,,,,,,,,,,,,,,,,yes
Greenhouse,,,,,,,,цяпліца,,,,,,,,,,,,,,,,,,,,,,,,,,,,,,,,,,,,,yes
Grampleton,,,,,,,,Грэмплтан,,,,,,Stardew Valley,,,,,,,,,,,,,,,,,,,,,,,,,,,,,,,yes
salmonberry,,,,,,,,маліны,,,,,,,,,,,,,,,,,,,,,,,,,,,,,,,,,,,,,yes
rare seed,,,,,,,,рэдкае семя,,,,,,,,,,,,,,,,,,,,,,,,,,,,,,,,,,,,,yes
Refined Quartz,,,,,,,,ачышчаны кварц,,,,,,,,,,,,,,,,,,,,,,,,,,,,,,,,,,,,,yes
resin,,,,,,,,жывіца,,,,,,,,,,,,,,,,,,,,,,,,,,,,,,,,,,,,,yes
tar,,,,,,,,дзёгаць,,,,,,,,,,,,,,,,,,,,,,,,,,,,,,,,,,,,,yes
Walleye,,,,,,,,судак,,,,,,,,,,,,,,,,,,,,,,,,,,,,,,,,,,,,,yes
Salmon,,,,,,,,ласось,,,,,,,,,,,,,,,,,,,,,,,,,,,,,,,,,,,,,yes
lightning rod,,,,,,,,пярунаадвод,,,,,,,,,,,,,,,,,,,,,,,,,,,,,,,,,,,,,yes
Crab Pot,,,,,,,,крабавая пастка,,,,,,,,,,,,,,,,,,,,,,,,,,,,,,,,,,,,,yes
Recycling Machine,,,,,,,,Смеццепераробны апарат,,,,,,,,,,,,,,,,,,,,,,,,,,,,,,,,,,,,,yes
Dance of the Moonlight Jellies,,,,,,,,Танец месяцовых медуз,,,,,,Stardew Valley,,,,,,,,,,,,,,,,,,,,,,,,,,,,,,,yes
flower queen,,,,,,,,кветкавая каралева,,,,,,,,,,,,,,,,,,,,,,,,,,,,,,,,,,,,,yes
daffodil,,,,,,,,нарцыс,,,,,,,,,,,,,,,,,,,,,,,,,,,,,,,,,,,,,yes
sunroom,,,,,,,,аранжэрэя,,,,,,,,,,,,,,,,,,,,,,,,,,,,,,,,,,,,,yes
melon,,,,,,,,дыня,,,,,,,,,,,,,,,,,,,,,,,,,,,,,,,,,,,,,yes
public gardens,,,,,,,,сквер,,,,,,,,,,,,,,,,,,,,,,,,,,,,,,,,,,,,,yes
basement,,,,,,,,сутарэнне,,,,,,,,,,,,,,,,,,,,,,,,,,,,,,,,,,,,,yes
salad,,,,,,,,салата,,,,,,,,,,,,,,,,,,,,,,,,,,,,,,,,,,,,,yes
Festival of Ice,,,,,,,,Фестываль Лёду,,,,,,,,,,,,,,,,,,,,,,,,,,,,,,,,,,,,,yes
Marcello,,,,,,,,Марсэлла,,,,,,,,,,,,,,,,,,,,,,,,,,,,,,,,,,,,,yes
cake-walk,,,,,,,,тортавая імпрэза,,,,,,,,,,,,,,,,,,,,,,,,,,,,,,,,,,,,,yes
powdermelon,,,,,,,,снегадыня,,,,,,,,,,,,,,,,,,,,,,,,,,,,,,,,,,,,,yes
SquidFest,,,,,,,,Кальмар-Фэст,,,,,,,,,,,,,,,,,,,,,,,,,,,,,,,,,,,,,yes
Valheim,,,,,,,,Вальхэйм,,,,,,,,,,,,,,,,,,,,,,,,,,,,,,,,,,,,,yes
Black Forest,,,,,,,,Чарналессе,,,,,,,,,,,,,,,,,,,,,,,,,,,,,,,,,,,,,yes
Heath,,,,,,,,пустка,,,,,,,,,,,,,,,,,,,,,,,,,,,,,,,,,,,,,yes
Plains,,,,,,,,раўніны,,,,,,,,,,,,,,,,,,,,,,,,,,,,,,,,,,,,,yes
Swamp,,,,,,,,балота,,,,,,,,,,,,,,,,,,,,,,,,,,,,,,,,,,,,,yes
Meadows,,,,,,,,Лугі,,,,,,,,,,,,,,,,,,,,,,,,,,,,,,,,,,,,,yes
broke,,,,,,,,у благім стане,,,,,,,,,,,,,,,,,,,,,,,,,,,,,,,,,,,,,yes
spawn point,,,,,,,,пункт адраджэння,,,,,,,,,,,,,,,,,,,,,,,,,,,,,,,,,,,,,yes
Vegvisir,,,,,,,,Вэгвісір,,,,,,,,,,,,,,,,,,,,,,,,,,,,,,,,,,,,,yes
Cooking Station,,,,,,,,Пожаг,,,,,,Valheim,,,,,,,,,,,,,,,,,,,,,,,,,,,,,,,yes
Deer,,,,,,,,Алень,,,,,,,,,,,,,,,,,,,,,,,,,,,,,,,,,,,,,yes
Rug,,,,,,,,каберац,,,,,,,,,,,,,,,,,,,,,,,,,,,,,,,,,,,,,yes
Lox,,,,,,,,быкаяшчар,,,,,,,,,,,,,,,,,,,,,,,,,,,,,,,,,,,,,yes
Stakewall,,,,,,,,паркан,,,,,,,,,,,,,,,,,,,,,,,,,,,,,,,,,,,,,yes
Roof,,,,,,,,страха,,,,,,,,,,,,,,,,,,,,,,,,,,,,,,,,,,,,,yes
Floor,,,,,,,,падлога,,,,,,,,,,,,,,,,,,,,,,,,,,,,,,,,,,,,,yes
Thatch,,,,,,,,cаламяны,,,,,,,,,,,,,,,,,,,,,,,,,,,,,,,,,,,,,yes
Elder,,,,,,,,Старадаўні,,,,,,,,,,,,,,,,,,,,,,,,,,,,,,,,,,,,,yes
Moder,,,,,,,,Мацер,,,,,,,,,,,,,,,,,,,,,,,,,,,,,,,,,,,,,yes
Yagluth,,,,,,,,Яґлут,,,,,,,,,,,,,,,,,,,,,,,,,,,,,,,,,,,,,yes
Boar,,,,,,,,Дзік,,,,,,,,,,,,,,,,,,,,,,,,,,,,,,,,,,,,,yes
Neck,,,,,,,,Нёк,істота,,,,,Valheim,,,,,,,,,,,,,,,,,,,,,,,,,,,,,,,yes
Greydwarf,,,,,,,,Шэры карла,,,,,,Valheim,,,,,,,,,,,,,,,,,,,,,,,,,,,,,,,yes
Wraith,,,,,,,,Здань,,,,,,,,,,,,,,,,,,,,,,,,,,,,,,,,,,,,,yes
Blob,,,,,,,,Кропля,,,,,,Valheim,,,,,,,,,,,,,,,,,,,,,,,,,,,,,,,yes
Draugr,,,,,,,,Драўгр,,,,,,Valheim,,,,,,,,,,,,,,,,,,,,,,,,,,,,,,,yes
Golem,,,,,,,,Голэм,,,,,,,,,,,,,,,,,,,,,,,,,,,,,,,,,,,,,yes
Bow,,,,,,,,Лук,,,,,,,,,,,,,,,,,,,,,,,,,,,,,,,,,,,,,yes
Knife,,,,,,,,Нож,,,,,,,,,,,,,,,,,,,,,,,,,,,,,,,,,,,,,yes
Atgeir,,,,,,,,Атґейр,,,,,,,,,,,,,,,,,,,,,,,,,,,,,,,,,,,,,yes
Flint,,,,,,,,Крэмень,,,,,,,,,,,,,,,,,,,,,,,,,,,,,,,,,,,,,yes
Draugr Elite,,,,,,,,Драўгар-выбранец,,,,,,,,,,,,,,,,,,,,,,,,,,,,,,,,,,,,,yes
Turnip,,,,,,,,рэпа,,,,,,,,,,,,,,,,,,,,,,,,,,,,,,,,,,,,,yes
Hide,,,,,,,,шкура,Калі з поўсцю,,,,,,,,,,,,,,,,,,,,,,,,,,,,,,,,,,,,yes
Pelt,,,,,,,,шкура,,,,,,,,,,,,,,,,,,,,,,,,,,,,,,,,,,,,,yes
Helmet,,,,,,,,Шалом,,,,,,,,,,,,,,,,,,,,,,,,,,,,,,,,,,,,,yes
Fenring,,,,,,,,Нашчадак Фэнрыра,,,,,,Valheim,,,,,,,,,,,,,,,,,,,,,,,,,,,,,,,yes
Greydwarf Shaman,,,,,,,,Шэры шаман,,,,,,Valheim,,,,,,,,,,,,,,,,,,,,,,,,,,,,,,,yes
Leech,,,,,,,,П’яўка,,,,,,,,,,,,,,,,,,,,,,,,,,,,,,,,,,,,,yes
Ghost,,,,,,,,Здань,,,,,,,,,,,,,,,,,,,,,,,,,,,,,,,,,,,,,yes
Ladder,,,,,,,,Драбіна,,,,,,,,,,,,,,,,,,,,,,,,,,,,,,,,,,,,,yes
Ancient Bark,,,,,,,,Старадаўныя кара,,,,,,,,,,,,,,,,,,,,,,,,,,,,,,,,,,,,,yes
cultivated,,,,,,,,узараны,,,,,,,,,,,,,,,,,,,,,,,,,,,,,,,,,,,,,yes
silver,,,,,,,,сярэбраны,,,,,,,,,,,,,,,,,,,,,,,,,,,,,,,,,,,,,yes
Drake,,,,,,,,цмок,,,,,,Valheim,,,,,,,,,,,,,,,,,,,,,,,,,,,,,,,yes
Greydwarf Brute,,,,,,,,шэры здаравіла,,,,,,Valheim,,,,,,,,,,,,,,,,,,,,,,,,,,,,,,,yes
Forest Troll,,,,,,,,лясны троль,,,,,,,,,,,,,,,,,,,,,,,,,,,,,,,,,,,,,yes
Frost Troll,,,,,,,,Марозны троль,,,,,,,,,,,,,,,,,,,,,,,,,,,,,,,,,,,,,yes
Skeleton,,,,,,,,Шкілет,,,,,,,,,,,,,,,,,,,,,,,,,,,,,,,,,,,,,yes
Black Metal,,,,,,,,Чорны метал,,,,,,,,,,,,,,,,,,,,,,,,,,,,,,,,,,,,,yes
Odin,,,,,,,,Одзін,,,,,,,,,,,,,,,,,,,,,,,,,,,,,,,,,,,,,yes
Ymir,,,,,,,,Імір,,,,,,,,,,,,,,,,,,,,,,,,,,,,,,,,,,,,,yes
Fuling,,,,,,,,фулінг,,,,,,Valheim,,,,,,,,,,,,,,,,,,,,,,,,,,,,,,,yes
Dvergr,,,,,,,,двэргаўскі,,,,,,Valheim,,,,,,,,,,,,,,,,,,,,,,,,,,,,,,,yes
вынослівасць,,,,,,,,цягавітасць,,,,,,,,,,,,,,,,,,,,,,,,,,,,,,,,,,,,,yes
Perch,,,,,,,,джгір,,,,,,,,,,,,,,,,,,,,,,,,,,,,,,,,,,,,,yes
Pike,,,,,,,,шчупак,,,,,,,,,,,,,,,,,,,,,,,,,,,,,,,,,,,,,yes
Tuna,,,,,,,,тунец,,,,,,,,,,,,,,,,,,,,,,,,,,,,,,,,,,,,,yes
Herring,,,,,,,,селядзец,,,,,,,,,,,,,,,,,,,,,,,,,,,,,,,,,,,,,yes
Trousers,,,,,,,,порткі,,,,,,,,,,,,,,,,,,,,,,,,,,,,,,,,,,,,,yes
Legging,,,,,,,,нагавіцы,,,,,,,,,,,,,,,,,,,,,,,,,,,,,,,,,,,,,yes
Leggings,,,,,,,,Нагавіцы,,,,,,,,,,,,,,,,,,,,,,,,,,,,,,,,,,,,,yes
Tunic,,,,,,,,туніка,,,,,,,,,,,,,,,,,,,,,,,,,,,,,,,,,,,,,yes
greaves,,,,,,,,нагалёначнікі,,,,,,,,,,,,,,,,,,,,,,,,,,,,,,,,,,,,,yes
giant,,,,,,,,волат,"Калі прыметнік (DST), Волат - калі назва істоты (Valheim)",,,,,,,,,,,,,,,,,,,,,,,,,,,,,,,,,,,,yes
Flametal,,,,,,,,полыметал,,,,,,,,,,,,,,,,,,,,,,,,,,,,,,,,,,,,,yes
Corewood,,,,,,,,Цвёрдая драўніна,,,,,,,,,,,,,,,,,,,,,,,,,,,,,,,,,,,,,yes
Cooked,,,,,,,,прыгатаваны,У выпадку мяса,,,,,,,,,,,,,,,,,,,,,,,,,,,,,,,,,,,,yes
Eikthyr,,,,,,,,Эйкцюр,,,,,,Valheim,,,,,,,,,,,,,,,,,,,,,,,,,,,,,,,yes
Spear,,,,,,,,дзіда,,,,,,,,,,,,,,,,,,,,,,,,,,,,,,,,,,,,,yes
Hugin,,,,,,,,Хугін,,,,,,Valheim,,,,,,,,,,,,,,,,,,,,,,,,,,,,,,,yes
Forsaken,,,,,,,,Забыты,,,,,,,,,,,,,,,,,,,,,,,,,,,,,,,,,,,,,yes
Valhalla,,,,,,,,Вальхала,,,,,,,,,,,,,,,,,,,,,,,,,,,,,,,,,,,,,yes
smelter,,,,,,,,плавільня,,,,,,,,,,,,,,,,,,,,,,,,,,,,,,,,,,,,,yes
Bonemass,,,,,,,,касцісты глей,,,,,,Valheim,,,,,,,,,,,,,,,,,,,,,,,,,,,,,,,yes
Haldor,,,,,,,,Хальдор,,,,,,Valheim,,,,,,,,,,,,,,,,,,,,,,,,,,,,,,,yes
Buckler,,,,,,,,пуклер,,,,,,,,,,,,,,,,,,,,,,,,,,,,,,,,,,,,,yes
Tower Shield,,,,,,,,абложны шчыт,,,,,,,,,,,,,,,,,,,,,,,,,,,,,,,,,,,,,yes
undead,,,,,,,,навец,,,,,,,,,,,,,,,,,,,,,,,,,,,,,,,,,,,,,yes
masonry,,,,,,,,мулярства,,,,,,,,,,,,,,,,,,,,,,,,,,,,,,,,,,,,,yes
woodworking,,,,,,,,цяслярства,,,,,,,,,,,,,,,,,,,,,,,,,,,,,,,,,,,,,yes
smithing,,,,,,,,кавальства,,,,,,,,,,,,,,,,,,,,,,,,,,,,,,,,,,,,,yes
Lore,,,,,,,,паданне,,,,,,,,,,,,,,,,,,,,,,,,,,,,,,,,,,,,,yes
Kraa,,,,,,,,Кар-р,,,,,,,,,,,,,,,,,,,,,,,,,,,,,,,,,,,,,yes
world,,,,,,,,свет,,,,,,,,,,,,,,,,,,,,,,,,,,,,,,,,,,,,,yes
damage,,,,,,,,пашкоджанне,,,,,,,,,,,,,,,,,,,,,,,,,,,,,,,,,,,,,yes
Resistance,,,,,,,,устойлівасць,,,,,,,,,,,,,,,,,,,,,,,,,,,,,,,,,,,,,yes
Stew,,,,,,,,рагу,,,,,,,,,,,,,,,,,,,,,,,,,,,,,,,,,,,,,yes
Darkwood,,,,,,,,цёмнае дрэва,,,,,,,,,,,,,,,,,,,,,,,,,,,,,,,,,,,,,yes
Vanir,,,,,,,,Ван,Ваны — у скандынаўскай міфалогіі невялікая група багоў урадлівасці.,,,,,Valheim,,,,,,,,,,,,,,,,,,,,,,,,,,,,,,,yes
Birch,,,,,,,,бяроза,,,,,,,,,,,,,,,,,,,,,,,,,,,,,,,,,,,,,yes
Fang,,,,,,,,Ікол,,,,,,,,,,,,,,,,,,,,,,,,,,,,,,,,,,,,,yes
Pole,,,,,,,,слуп,,,,,,,,,,,,,,,,,,,,,,,,,,,,,,,,,,,,,yes
Shingle,,,,,,,,гонтавы,,,,,,,,,,,,,,,,,,,,,,,,,,,,,,,,,,,,,yes
Ulf,,,,,,,,Ульф,,,,,,,,,,,,,,,,,,,,,,,,,,,,,,,,,,,,,yes
onion,,,,,,,,цыбуля,,,,,,,,,,,,,,,,,,,,,,,,,,,,,,,,,,,,,yes
Pile,,,,,,,,груда,,,,,,,,,,,,,,,,,,,,,,,,,,,,,,,,,,,,,yes
cloud storage,,,,,,,,воблачнае сховішча,,,,,,,,,,,,,,,,,,,,,,,,,,,,,,,,,,,,,yes
Seeker,,,,,,,,цікун,,,,,,Valheim,,,,,,,,,,,,,,,,,,,,,,,,,,,,,,,yes
Fenris,,,,,,,,Фэнрыр,,,,,,Valheim,,,,,,,,,,,,,,,,,,,,,,,,,,,,,,,yes
Growth,,,,,,,,пухліна,,,,,,,,,,,,,,,,,,,,,,,,,,,,,,,,,,,,,yes
Yggdrasil,,,,,,,,Ігдрасіль,,,,,,Valheim,,,,,,,,,,,,,,,,,,,,,,,,,,,,,,,yes
Midgard,,,,,,,,Мідгард,,,,,,,,,,,,,,,,,,,,,,,,,,,,,,,,,,,,,yes
Cuirass,,,,,,,,кіраса,,,,,,,,,,,,,,,,,,,,,,,,,,,,,,,,,,,,,yes
backup,,,,,,,,рэзервовая копія,,,,,,,,,,,,,,,,,,,,,,,,,,,,,,,,,,,,,yes
Frostner,,,,,,,,Сцюжнік,,,,,,Valheim,,,,,,,,,,,,,,,,,,,,,,,,,,,,,,,yes
Hildir,,,,,,,,Хільдыр,,,,,,Valheim,,,,,,,,,,,,,,,,,,,,,,,,,,,,,,,yes
Obliterator,,,,,,,,смеццеспальваннік,,,,,,,,,,,,,,,,,,,,,,,,,,,,,,,,,,,,,yes
pin,,,,,,,,пазнака,,,,,,,,,,,,,,,,,,,,,,,,,,,,,,,,,,,,,yes
Abomination,,,,,,,,гідота,,,,,,Valheim,,,,,,,,,,,,,,,,,,,,,,,,,,,,,,,yes
Cod,,,,,,,,траска,,,,,,,,,,,,,,,,,,,,,,,,,,,,,,,,,,,,,yes
eitr,,,,,,,,эйтр,,,,,,Valheim,,,,,,,,,,,,,,,,,,,,,,,,,,,,,,,yes
gjall,,,,,,,,г’яль,,,,,,Valheim,,,,,,,,,,,,,,,,,,,,,,,,,,,,,,,yes
Missile,,,,,,,,снарад,,,,,,,,,,,,,,,,,,,,,,,,,,,,,,,,,,,,,yes
Tankard,,,,,,,,кухаль,,,,,,,,,,,,,,,,,,,,,,,,,,,,,,,,,,,,,yes
tick,,,,,,,,клешч,,,,,,,,,,,,,,,,,,,,,,,,,,,,,,,,,,,,,yes
Magecap,,,,,,,,падчароўнік,,,,,,Valheim,,,,,,,,,,,,,,,,,,,,,,,,,,,,,,,yes
Beam,,,,,,,,бэлька,,,,,,,,,,,,,,,,,,,,,,,,,,,,,,,,,,,,,yes
stamina,,,,,,,,вынослівасць,,,,,,,,,,,,,,,,,,,,,,,,,,,,,,,,,,,,,yes
Cultivator,,,,,,,,граблі,,,,,,,,,,,,,,,,,,,,,,,,,,,,,,,,,,,,,yes
Cape,,,,,,,,накідка,,,,,,,,,,,,,,,,,,,,,,,,,,,,,,,,,,,,,yes
beads,,,,,,,,пацеркі,,,,,,,,,,,,,,,,,,,,,,,,,,,,,,,,,,,,,yes
Great Stag,,,,,,,,Аляніска,,,,,,,,,,,,,,,,,,,,,,,,,,,,,,,,,,,,,yes
Staff,,,,,,,,посах,,,,,,,,,,,,,,,,,,,,,,,,,,,,,,,,,,,,,yes
Shrine,,,,,,,,прошча,,,,,,,,,,,,,,,,,,,,,,,,,,,,,,,,,,,,,yes
Ashlands,,,,,,,,попельныя землі,,,,,,Valheim,,,,,,,,,,,,,,,,,,,,,,,,,,,,,,,yes
Sealbreaker,,,,,,,,Пячаткалом,,,,,,Valheim,,,,,,,,,,,,,,,,,,,,,,,,,,,,,,,yes
Frey,,,,,,,,Фрэя,,,,,,Valheim,,,,,,,,,,,,,,,,,,,,,,,,,,,,,,,yes
Brenna,,,,,,,,Брэнна,,,,,,Valheim,,,,,,,,,,,,,,,,,,,,,,,,,,,,,,,yes
Thungr,,,,,,,,Тунгр,,,,,,Valheim,,,,,,,,,,,,,,,,,,,,,,,,,,,,,,,yes
Geirrhafa,,,,,,,,Гейрхафа,,,,,,,,,,,,,,,,,,,,,,,,,,,,,,,,,,,,,yes
Halstein,,,,,,,,Гальштэйн,,,,,,,,,,,,,,,,,,,,,,,,,,,,,,,,,,,,,yes
Hat,,,,,,,,капялюш,,,,,,Valheim,,,,,,,,,,,,,,,,,,,,,,,,,,,,,,,yes
Allfather,,,,,,,,Усебацька,,,,,,,,,,,,,,,,,,,,,,,,,,,,,,,,,,,,,yes
Hood,,,,,,,,каптур,,,,,,,,,,,,,,,,,,,,,,,,,,,,,,,,,,,,,yes
Nidhögg,,,,,,,,Нідхёг,,,,,,Valheim,,,,,,,,,,,,,,,,,,,,,,,,,,,,,,,yes
Vineberry,,,,,,,,лазаягады,,,,,,Valheim,,,,,,,,,,,,,,,,,,,,,,,,,,,,,,,yes
Breastplate,,,,,,,,нагруднік,,,,,,,,,,,,,,,,,,,,,,,,,,,,,,,,,,,,,yes
Morgen,,,,,,,,морген,,,,,,,,,,,,,,,,,,,,,,,,,,,,,,,,,,,,,yes
Marksman,,,,,,,,цалок,,,,,,,,,,,,,,,,,,,,,,,,,,,,,,,,,,,,,yes
Feast,,,,,,,,бяседа,,,,,,,,,,,,,,,,,,,,,,,,,,,,,,,,,,,,,yes
Mace,,,,,,,,булава,,,,,,,,,,,,,,,,,,,,,,,,,,,,,,,,,,,,,yes
Dead Raiser,,,,,,,,мерцвякліч,,,,,,Valheim,,,,,,,,,,,,,,,,,,,,,,,,,,,,,,,yes
Asksvin,,,,,,,,тленнавепр,,,,,,Valheim,,,,,,,,,,,,,,,,,,,,,,,,,,,,,,,yes
Ashwood,,,,,,,,попельная драўніна,,,,,,,,,,,,,,,,,,,,,,,,,,,,,,,,,,,,,yes
Fader,,,,,,,,Айцец,,,,,,,,,,,,,,,,,,,,,,,,,,,,,,,,,,,,,yes
crafting station,,,,,,,,рабочае месца,,,,,,,,,,,,,,,,,,,,,,,,,,,,,,,,,,,,,yes
snap,,,,,,,,дапасаваць,,,,,,,,,,,,,,,,,,,,,,,,,,,,,,,,,,,,,yes
ceramic tiles,,,,,,,,кафля,,,,,,,,,,,,,,,,,,,,,,,,,,,,,,,,,,,,,yes
Lord,,,,,,,,валадар,Калі агулам пра чалавека з уладай,,,,,Valheim,,,,,,,,,,,,,,,,,,,,,,,,,,,,,,,yes
wyrm,,,,,,,,змей,,,,,,,,,,,,,,,,,,,,,,,,,,,,,,,,,,,,,yes
Winter Child,,,,,,,,Дзіцё Зімы,,,,,,Valheim,,,,,,,,,,,,,,,,,,,,,,,,,,,,,,,yes
Emerald Flame,,,,,,,,Смарагдавае Полымя,,,,,,Valheim,,,,,,,,,,,,,,,,,,,,,,,,,,,,,,,yes
Dyrnwyn,,,,,,,,Дэрнўін,,,,,,Valheim,,,,,,,,,,,,,,,,,,,,,,,,,,,,,,,yes
Ripper,,,,,,,,рвач,,,,,,Valheim,,,,,,,,,,,,,,,,,,,,,,,,,,,,,,,yes
Volture,,,,,,,,Вулвятнік,,,,,,,,,,,,,,,,,,,,,,,,,,,,,,,,,,,,,yes
Bonemaw,,,,,,,,косцепашча,,,,,,Valheim,,,,,,,,,,,,,,,,,,,,,,,,,,,,,,,yes
foe,,,,,,,,вораг,,,,,,,,,,,,,,,,,,,,,,,,,,,,,,,,,,,,,yes
fortress,,,,,,,,цвярдыня,,,,,,,,,,,,,,,,,,,,,,,,,,,,,,,,,,,,,yes
Whitebeards,,,,,,,,Белабародыя,,,,,,Valheim,,,,,,,,,,,,,,,,,,,,,,,,,,,,,,,yes
Redbeards,,,,,,,,Рудабародыя,,,,,,Valheim,,,,,,,,,,,,,,,,,,,,,,,,,,,,,,,yes
Extractor,,,,,,,,здабывальнік,,,,,,,,,,,,,,,,,,,,,,,,,,,,,,,,,,,,,yes
Dress,,,,,,,,сукенка,,,,,,,,,,,,,,,,,,,,,,,,,,,,,,,,,,,,,yes
Grausten,,,,,,,,Граўстэн,,,,,,,,,,,,,,,,,,,,,,,,,,,,,,,,,,,,,yes
Column,,,,,,,,калона,,,,,,,,,,,,,,,,,,,,,,,,,,,,,,,,,,,,,yes
Pillar,,,,,,,,калона,,,,,,,,,,,,,,,,,,,,,,,,,,,,,,,,,,,,,yes
Workbench,,,,,,,,варштат,,,,,,,,,,,,,,,,,,,,,,,,,,,,,,,,,,,,,yes
herbalist,,,,,,,,зельнік,,,,,,,,,,,,,,,,,,,,,,,,,,,,,,,,,,,,,yes
ward,,,,,,,,абярэг,,,,,,,,,,,,,,,,,,,,,,,,,,,,,,,,,,,,,yes
Norseman,,,,,,,,нарман,,,,,,Valheim,,,,,,,,,,,,,,,,,,,,,,,,,,,,,,,yes
Spell,,,,,,,,чары,"Так, у множным ліку",,,,,,,,,,,,,,,,,,,,,,,,,,,,,,,,,,,,yes
Lucy,,,,,,,,Люсі,,,,,,,,,,,,,,,,,,,,,,,,,,,,,,,,,,,,,yes
Fence,,,,,,,,плот,,,,,,,,,,,,,,,,,,,,,,,,,,,,,,,,,,,,,yes
Gate,,,,,,,,брама,,,,,,,,,,,,,,,,,,,,,,,,,,,,,,,,,,,,,yes
Merm,,,,,,,,мэрм,Агрэсіўная істота,,,,,Dont Starve,,,,,,,,,,,,,,,,,,,,,,,,,,,,,,,yes
Plot,,,,,,,,дзялянка,,,,,,,,,,,,,,,,,,,,,,,,,,,,,,,,,,,,,yes
Beefalo,,,,,,,,зуброн,,,,,,Dont Starve,,,,,,,,,,,,,,,,,,,,,,,,,,,,,,,yes
Resurrect,,,,,,,,уваскрэсіць,,,,,,,,,,,,,,,,,,,,,,,,,,,,,,,,,,,,,yes
Batilisk,,,,,,,,кажаліск,,,,,,,,,,,,,,,,,,,,,,,,,,,,,,,,,,,,,yes
Wing,,,,,,,,Крыло,,,,,,,,,,,,,,,,,,,,,,,,,,,,,,,,,,,,,yes
Maxwell,,,,,,,,Максвэл,,,,,,Dont Starve,,,,,,,,,,,,,,,,,,,,,,,,,,,,,,,yes
Nightberry,,,,,,,,начаніцы,,,,,,,,,,,,,,,,,,,,,,,,,,,,,,,,,,,,,yes
Sentrypede,,,,,,,,вартаножка,,,,,,,,,,,,,,,,,,,,,,,,,,,,,,,,,,,,,yes
Gloomthorn,,,,,,,,цемрацерне,,,,,,Dont Starve,,,,,,,,,,,,,,,,,,,,,,,,,,,,,,,yes
Antlion,,,,,,,,муралеў,,,,,,Dont Starve,,,,,,,,,,,,,,,,,,,,,,,,,,,,,,,yes
Blue Cap,,,,,,,,Блакітная шапка,,,,,,,,,,,,,,,,,,,,,,,,,,,,,,,,,,,,,yes
Forget-Me-Lots,,,,,,,,забудка,,,,,,Dont Starve,,,,,,,,,,,,,,,,,,,,,,,,,,,,,,,yes
Eyebrella,,,,,,,,вокасон,,,,,,,,,,,,,,,,,,,,,,,,,,,,,,,,,,,,,yes
Chop,,,,,,,,сячы,,,,,,,,,,,,,,,,,,,,,,,,,,,,,,,,,,,,,yes
Twigs,,,,,,,,галінкі,,,,,,,,,,,,,,,,,,,,,,,,,,,,,,,,,,,,,yes
Boulder,,,,,,,,валун,,,,,,,,,,,,,,,,,,,,,,,,,,,,,,,,,,,,,yes
Stone Fruit,,,,,,,,Камняплод,,,,,,Dont Starve,,,,,,,,,,,,,,,,,,,,,,,,,,,,,,,yes
Cookpot,,,,,,,,Кацялок,,,,,,,,,,,,,,,,,,,,,,,,,,,,,,,,,,,,,yes
Burger,,,,,,,,бургер,,,,,,,,,,,,,,,,,,,,,,,,,,,,,,,,,,,,,yes
Skewer,,,,,,,,шашлык,,,,,,,,,,,,,,,,,,,,,,,,,,,,,,,,,,,,,yes
Slurper,,,,,,,,Хлябтач,,,,,,Dont Starve,,,,,,,,,,,,,,,,,,,,,,,,,,,,,,,yes
Robe,,,,,,,,убранне,,,,,,,,,,,,,,,,,,,,,,,,,,,,,,,,,,,,,yes
Asparagus,,,,,,,,спаржа,,,,,,,,,,,,,,,,,,,,,,,,,,,,,,,,,,,,,yes
Bunnyman,,,,,,,,Зайцалюд,,,,,,Dont Starve,,,,,,,,,,,,,,,,,,,,,,,,,,,,,,,yes
Clockwork,,,,,,,,Завадны,,,,,,,,,,,,,,,,,,,,,,,,,,,,,,,,,,,,,yes
Gnaw,,,,,,,,Пашча,,,,,,,,,,,,,,,,,,,,,,,,,,,,,,,,,,,,,yes
Mumsy,,,,,,,,Мамуля,,,,,,,,,,,,,,,,,,,,,,,,,,,,,,,,,,,,,yes
Enlightening,,,,,,,,прасвятленне,,,,,,,,,,,,,,,,,,,,,,,,,,,,,,,,,,,,,yes
Celestial Champion,,,,,,,,выбранец нябёс,,,,,,Dont Starve,,,,,,,,,,,,,,,,,,,,,,,,,,,,,,,yes
Snurtle,,,,,,,,слімаха,,,,,,,,,,,,,,,,,,,,,,,,,,,,,,,,,,,,,yes
Grumble Bee,,,,,,,,бурчмель,,,,,,,,,,,,,,,,,,,,,,,,,,,,,,,,,,,,,yes
Fur,,,,,,,,футра,,,,,,,,,,,,,,,,,,,,,,,,,,,,,,,,,,,,,yes
No-Eyed Deer,,,,,,,,бязвокі алень,,,,,,Dont Starve,,,,,,,,,,,,,,,,,,,,,,,,,,,,,,,yes
Varg,,,,,,,,Варг,,,,,,,,,,,,,,,,,,,,,,,,,,,,,,,,,,,,,yes
Pengull,,,,,,,,пінчайка,,,,,,Dont Starve,,,,,,,,,,,,,,,,,,,,,,,,,,,,,,,yes
Koalefant,,,,,,,,Кааласлон,,,,,,,,,,,,,,,,,,,,,,,,,,,,,,,,,,,,,yes
Deerclops,,,,,,,,цыклопалень,,,,,,Dont Starve,,,,,,,,,,,,,,,,,,,,,,,,,,,,,,,yes
sanity,,,,,,,,свядомасць,,,,,,,,,,,,,,,,,,,,,,,,,,,,,,,,,,,,,yes
Suspicious Peeper,,,,,,,,Падазроны назірач,,,,,,Dont Starve,,,,,,,,,,,,,,,,,,,,,,,,,,,,,,,yes
Gnarwail,,,,,,,,Нірвал,,,,,,Dont Starve,,,,,,,,,,,,,,,,,,,,,,,,,,,,,,,yes
Wee MacTusk,,,,,,,,МакБівеньчык,,,,,,,,,,,,,,,,,,,,,,,,,,,,,,,,,,,,,yes
Eyeplant,,,,,,,,Вокацвет,,,,,,,,,,,,,,,,,,,,,,,,,,,,,,,,,,,,,yes
Frame Rate,,,,,,,,Частата кадраў,,,,,,,,,,,,,,,,,,,,,,,,,,,,,,,,,,,,,yes
Roasted,,,,,,,,Запечаны,Запечаны (DST),,,,,,,,,,,,,,,,,,,,,,,,,,,,,,,,,,,,yes
Bernie,,,,,,,,Барні,,,,,,Dont Starve,,,,,,,,,,,,,,,,,,,,,,,,,,,,,,,yes
Swineclops,,,,,,,,свінаклоп,,,,,,Dont Starve,,,,,,,,,,,,,,,,,,,,,,,,,,,,,,,yes
Board,,,,,,,,дошка,,,,,,,,,,,,,,,,,,,,,,,,,,,,,,,,,,,,,yes
Birchnut,,,,,,,,Каштанабяроз,,,,,,Dont Starve,,,,,,,,,,,,,,,,,,,,,,,,,,,,,,,yes
Bishop,,,,,,,,Слон,Калі шахматная фігура,,,,,,,,,,,,,,,,,,,,,,,,,,,,,,,,,,,,yes
Dart,,,,,,,,Дроцік,,,,,,,,,,,,,,,,,,,,,,,,,,,,,,,,,,,,,yes
Snortoise,,,,,,,,Храпаха,,,,,,Dont Starve,,,,,,,,,,,,,,,,,,,,,,,,,,,,,,,yes
Frostjaw,,,,,,,,Сцюжасківец,,,,,,Dont Starve,,,,,,,,,,,,,,,,,,,,,,,,,,,,,,,yes
Twins of Terror,,,,,,,,Блізняты жаху,,,,,,Dont Starve,,,,,,,,,,,,,,,,,,,,,,,,,,,,,,,yes
Moonblind Crow,,,,,,,,Месячная варона,,,,,,Dont Starve,,,,,,,,,,,,,,,,,,,,,,,,,,,,,,,yes
Grass Gator,,,,,,,,Травадзіл,,,,,,Dont Starve,,,,,,,,,,,,,,,,,,,,,,,,,,,,,,,yes
Rockjaw,,,,,,,,Скаласківец,,,,,,Dont Starve,,,,,,,,,,,,,,,,,,,,,,,,,,,,,,,yes
Retinazor,,,,,,,,Рэтынайзар,,,,,,Dont Starve,,,,,,,,,,,,,,,,,,,,,,,,,,,,,,,yes
Wilson,,,,,,,,Вілсан,,,,,,Dont Starve,,,,,,,,,,,,,,,,,,,,,,,,,,,,,,,yes
Walter,,,,,,,,Волтэр,,,,,,Dont Starve,,,,,,,,,,,,,,,,,,,,,,,,,,,,,,,yes
Wurt,,,,,,,,Вурт,,,,,,Dont Starve,,,,,,,,,,,,,,,,,,,,,,,,,,,,,,,yes
Wormwood,,,,,,,,Вормвуд,,,,,,Dont Starve,,,,,,,,,,,,,,,,,,,,,,,,,,,,,,,yes
Wanda,,,,,,,,Ванда,,,,,,Dont Starve,,,,,,,,,,,,,,,,,,,,,,,,,,,,,,,yes
Wonkey,,,,,,,,Ванкі,,,,,,Dont Starve,,,,,,,,,,,,,,,,,,,,,,,,,,,,,,,yes
Willow,,,,,,,,Віллаў,,,,,,Dont Starve,,,,,,,,,,,,,,,,,,,,,,,,,,,,,,,yes
Wolfgang,,,,,,,,Вольфґанґ,,,,,,Dont Starve,,,,,,,,,,,,,,,,,,,,,,,,,,,,,,,yes
Wendy,,,,,,,,Вэндзі,,,,,,Dont Starve,,,,,,,,,,,,,,,,,,,,,,,,,,,,,,,yes
WX-78,,,,,,,,WX-78,,,,,,Dont Starve,,,,,,,,,,,,,,,,,,,,,,,,,,,,,,,yes
Wickerbottom,,,,,,,,Вікерботам,,,,,,Dont Starve,,,,,,,,,,,,,,,,,,,,,,,,,,,,,,,yes
Woodie,,,,,,,,Вудзі,,,,,,Dont Starve,,,,,,,,,,,,,,,,,,,,,,,,,,,,,,,yes
Wes,,,,,,,,Вэс,,,,,,Dont Starve,,,,,,,,,,,,,,,,,,,,,,,,,,,,,,,yes
Wagstaff,,,,,,,,Ваґстаф,,,,,,Dont Starve,,,,,,,,,,,,,,,,,,,,,,,,,,,,,,,yes
Wigfrid,,,,,,,,Віґфрыд,,,,,,Dont Starve,,,,,,,,,,,,,,,,,,,,,,,,,,,,,,,yes
Webber,,,,,,,,Вэбэр,,,,,,Dont Starve,,,,,,,,,,,,,,,,,,,,,,,,,,,,,,,yes
Walani,,,,,,,,Валані,,,,,,Dont Starve,,,,,,,,,,,,,,,,,,,,,,,,,,,,,,,yes
Warly,,,,,,,,Ворлі,,,,,,Dont Starve,,,,,,,,,,,,,,,,,,,,,,,,,,,,,,,yes
Wilbur,,,,,,,,Вілбур,,,,,,Dont Starve,,,,,,,,,,,,,,,,,,,,,,,,,,,,,,,yes
Woodlegs,,,,,,,,Вудлэґс,,,,,,,,,,,,,,,,,,,,,,,,,,,,,,,,,,,,,yes
Wilba,,,,,,,,Вілба,,,,,,Dont Starve,,,,,,,,,,,,,,,,,,,,,,,,,,,,,,,yes
Kittykit,,,,,,,,Коця-моця,,,,,,,,,,,,,,,,,,,,,,,,,,,,,,,,,,,,,yes
Vargling,,,,,,,,Вaрганя,,,,,,Dont Starve,,,,,,,,,,,,,,,,,,,,,,,,,,,,,,,yes
Ewelet,,,,,,,,Сліз-ягня,,,,,,,,,,,,,,,,,,,,,,,,,,,,,,,,,,,,,yes
Red Bird,,,,,,,,Чырвоная птушка,,,,,,,,,,,,,,,,,,,,,,,,,,,,,,,,,,,,,yes
Snowbird,,,,,,,,Снежная птушка,,,,,,,,,,,,,,,,,,,,,,,,,,,,,,,,,,,,,yes
Parrot,,,,,,,,Папугай,,,,,,,,,,,,,,,,,,,,,,,,,,,,,,,,,,,,,yes
Seagull,,,,,,,,Чайка,,,,,,,,,,,,,,,,,,,,,,,,,,,,,,,,,,,,,yes
Toucan,,,,,,,,Тукан,,,,,,,,,,,,,,,,,,,,,,,,,,,,,,,,,,,,,yes
Cormorant,,,,,,,,Баклан,,,,,,,,,,,,,,,,,,,,,,,,,,,,,,,,,,,,,yes
Kingfisher,,,,,,,,Зімародак,,,,,,,,,,,,,,,,,,,,,,,,,,,,,,,,,,,,,yes
Pigeon,,,,,,,,Голуб,,,,,,,,,,,,,,,,,,,,,,,,,,,,,,,,,,,,,yes
Canary,,,,,,,,Канарэйка,,,,,,,,,,,,,,,,,,,,,,,,,,,,,,,,,,,,,yes
Puffin,,,,,,,,Тупік,,,,,,,,,,,,,,,,,,,,,,,,,,,,,,,,,,,,,yes
Sea Hound,,,,,,,,Марскі ганчак,,,,,,,,,,,,,,,,,,,,,,,,,,,,,,,,,,,,,yes
Seal,,,,,,,,Цюлень,,,,,,,,,,,,,,,,,,,,,,,,,,,,,,,,,,,,,yes
Dung Beetle,,,,,,,,Гнаявік,,,,,,,,,,,,,,,,,,,,,,,,,,,,,,,,,,,,,yes
Elder Mandrake,,,,,,,,Старамандрагора,,,,,,,,,,,,,,,,,,,,,,,,,,,,,,,,,,,,,yes
Lunar Wobster,,,,,,,,Месячны вамар,,,,,,,,,,,,,,,,,,,,,,,,,,,,,,,,,,,,,yes
Snaptooth Seedling,,,,,,,,Пасынак зубашчоўка,,,,,,,,,,,,,,,,,,,,,,,,,,,,,,,,,,,,,yes
Sea Strider,,,,,,,,Вадацуга,,,,,,Dont Starve,,,,,,,,,,,,,,,,,,,,,,,,,,,,,,,yes
Eye of Terror,,,,,,,,Вока жаху,,,,,,Dont Starve,,,,,,,,,,,,,,,,,,,,,,,,,,,,,,,yes
Broodling,,,,,,,,Вылупак,,,,,,,,,,,,,,,,,,,,,,,,,,,,,,,,,,,,,yes
Giblet,,,,,,,,Індычаня,,,,,,,,,,,,,,,,,,,,,,,,,,,,,,,,,,,,,yes
Crow,,,,,,,,Варона,,,,,,,,,,,,,,,,,,,,,,,,,,,,,,,,,,,,,yes
Friendly Peeper,,,,,,,,Прыязны назірач,,,,,,,,,,,,,,,,,,,,,,,,,,,,,,,,,,,,,yes
Deerclop,,,,,,,,Цыклопалень,,,,,,,,,,,,,,,,,,,,,,,,,,,,,,,,,,,,,yes
Depths Worm,,,,,,,,Глыбінны чарвяк,,,,,,,,,,,,,,,,,,,,,,,,,,,,,,,,,,,,,yes
Ewecus,,,,,,,,Слізаўца,,,,,,,,,,,,,,,,,,,,,,,,,,,,,,,,,,,,,yes
Frog,,,,,,,,Жаба,,,,,,,,,,,,,,,,,,,,,,,,,,,,,,,,,,,,,yes
Fireflies,,,,,,,,Светлякі,,,,,,,,,,,,,,,,,,,,,,,,,,,,,,,,,,,,,yes
Gobbler,,,,,,,,Індык,,,,,,,,,,,,,,,,,,,,,,,,,,,,,,,,,,,,,yes
Hound,,,,,,,,Ганчак,,,,,,,,,,,,,,,,,,,,,,,,,,,,,,,,,,,,,yes
Red Hound,,,,,,,,Чырвоны ганчак,,,,,,,,,,,,,,,,,,,,,,,,,,,,,,,,,,,,,yes
Blue Hound,,,,,,,,Сіні ганчак,,,,,,,,,,,,,,,,,,,,,,,,,,,,,,,,,,,,,yes
Houndius Shootius,,,,,,,,Ганчакус-Стралякус,,,,,,,,,,,,,,,,,,,,,,,,,,,,,,,,,,,,,yes
Winter Koalefant,,,,,,,,Зімовы кааласлон,,,,,,,,,,,,,,,,,,,,,,,,,,,,,,,,,,,,,yes
Krampus,,,,,,,,Крампус,,,,,,,,,,,,,,,,,,,,,,,,,,,,,,,,,,,,,yes
MacTusk,,,,,,,,Мак-Бівень,,,,,,,,,,,,,,,,,,,,,,,,,,,,,,,,,,,,,yes
Gestalt,,,,,,,,кшталт,,,,,,,,,,,,,,,,,,,,,,,,,,,,,,,,,,,,,yes
Crawling Nightmare,,,,,,,,Паўзучы кашмар,,,,,,,,,,,,,,,,,,,,,,,,,,,,,,,,,,,,,yes
Crab Knight,,,,,,,,Краб-рыцар,,,,,,,,,,,,,,,,,,,,,,,,,,,,,,,,,,,,,yes
Crab Guard,,,,,,,,Краб-вартаўнік,,,,,,,,,,,,,,,,,,,,,,,,,,,,,,,,,,,,,yes
Kitcoon,,,,,,,,Кацянот,,,,,,,,,,,,,,,,,,,,,,,,,,,,,,,,,,,,,yes
Naked Mole Bat,,,,,,,,Голы кажан-землякоп,,,,,,,,,,,,,,,,,,,,,,,,,,,,,,,,,,,,,yes
Lord of the Fruit Flies,,,,,,,,Валадар пладовых мух,,,,,,,,,,,,,,,,,,,,,,,,,,,,,,,,,,,,,yes
Fruit Fly,,,,,,,,Пладовая муха,,,,,,,,,,,,,,,,,,,,,,,,,,,,,,,,,,,,,yes
Friendly Fruit Fly,,,,,,,,Прыязная пладовая муха,,,,,,,,,,,,,,,,,,,,,,,,,,,,,,,,,,,,,yes
Grainy Transmission,,,,,,,,Зярністая перадача,,,,,,,,,,,,,,,,,,,,,,,,,,,,,,,,,,,,,yes
Misshapen Bird,,,,,,,,Дэфармаваная птушка,,,,,,,,,,,,,,,,,,,,,,,,,,,,,,,,,,,,,yes
Dust Moth,,,,,,,,Пыльны матыль,,,,,,,,,,,,,,,,,,,,,,,,,,,,,,,,,,,,,yes
Woby,,,,,,,,Вобі,,,,,,,,,,,,,,,,,,,,,,,,,,,,,,,,,,,,,yes
Klaus,,,,,,,,Клаўс,,,,,,,,,,,,,,,,,,,,,,,,,,,,,,,,,,,,,yes
Gem Deer,,,,,,,,Самацветны алень,,,,,,,,,,,,,,,,,,,,,,,,,,,,,,,,,,,,,yes
Grass Gekko,,,,,,,,Травяны гекон,,,,,,,,,,,,,,,,,,,,,,,,,,,,,,,,,,,,,yes
Horror Hound,,,,,,,,Пачварны ганчак,,,,,,,,,,,,,,,,,,,,,,,,,,,,,,,,,,,,,yes
Hutch,,,,,,,,Хатч,,,,,,,,,,,,,,,,,,,,,,,,,,,,,,,,,,,,,yes
Lavae,,,,,,,,Лавалярва,,,,,,,,,,,,,,,,,,,,,,,,,,,,,,,,,,,,,yes
Malbatross,,,,,,,,Мальбатрос,,,,,,,,,,,,,,,,,,,,,,,,,,,,,,,,,,,,,yes
Moonrock Pengull,,,,,,,,Месячная пінчайка,,,,,,,,,,,,,,,,,,,,,,,,,,,,,,,,,,,,,yes
Saladmander,,,,,,,,Салатмандра,,,,,,,,,,,,,,,,,,,,,,,,,,,,,,,,,,,,,yes
Shattered Spider,,,,,,,,Друзгавук,,,,,,,,,,,,,,,,,,,,,,,,,,,,,,,,,,,,,yes
Toadstool,,,,,,,,Паганкажаб,,,,,,,,,,,,,,,,,,,,,,,,,,,,,,,,,,,,,yes
Misery Toadstool,,,,,,,,Паганкажаб-пакутнік,,,,,,,,,,,,,,,,,,,,,,,,,,,,,,,,,,,,,yes
Shadow Bishop,,,,,,,,Ценявы слон,,,,,,,,,,,,,,,,,,,,,,,,,,,,,,,,,,,,,yes
Shadow Knight,,,,,,,,Ценявы конь,,,,,,,,,,,,,,,,,,,,,,,,,,,,,,,,,,,,,yes
Shadow Rook,,,,,,,,Ценявая тура,,,,,,,,,,,,,,,,,,,,,,,,,,,,,,,,,,,,,yes
Reanimated Skeleton,,,,,,,,Узняты шкілет,,,,,,,,,,,,,,,,,,,,,,,,,,,,,,,,,,,,,yes
Ancient Fuelweaver,,,,,,,,Старадаўні паліваткач,,,,,,,,,,,,,,,,,,,,,,,,,,,,,,,,,,,,,yes
Woven Shadow,,,,,,,,Сатканы цень,,,,,,,,,,,,,,,,,,,,,,,,,,,,,,,,,,,,,yes
Moon Moth,,,,,,,,Месячны матыль,,,,,,,,,,,,,,,,,,,,,,,,,,,,,,,,,,,,,yes
Loyal Merm Guard,,,,,,,,Верны вартавы мэрм,,,,,,,,,,,,,,,,,,,,,,,,,,,,,,,,,,,,,yes
Pipspook,,,,,,,,Прывіскун,,,,,,,,,,,,,,,,,,,,,,,,,,,,,,,,,,,,,yes
Skittersquid,,,,,,,,Шпаркальмар,,,,,,,,,,,,,,,,,,,,,,,,,,,,,,,,,,,,,yes
Crabby Hermit,,,,,,,,Пустэльная крабіха,,,,,,,,,,,,,,,,,,,,,,,,,,,,,,,,,,,,,yes
Mothling,,,,,,,,Мятлік,,,,,,,,,,,,,,,,,,,,,,,,,,,,,,,,,,,,,yes
Teen Beefalo,,,,,,,,Зуброн-юнак,,,,,,,,,,,,,,,,,,,,,,,,,,,,,,,,,,,,,yes
Toddler Beefalo,,,,,,,,Зуброн-падлетак,,,,,,,,,,,,,,,,,,,,,,,,,,,,,,,,,,,,,yes
Baby Beefalo,,,,,,,,Зубронаня,,,,,,,,,,,,,,,,,,,,,,,,,,,,,,,,,,,,,yes
Beardlord,,,,,,,,Зайцабарод,,,,,,,,,,,,,,,,,,,,,,,,,,,,,,,,,,,,,yes
Chester,,,,,,,,Чэстар,,,,,,,,,,,,,,,,,,,,,,,,,,,,,,,,,,,,,yes
Marotter,,,,,,,,Выдразбойнік,,,,,,,,,,,,,,,,,,,,,,,,,,,,,,,,,,,,,yes
Moleworm,,,,,,,,Кротарвяк,,,,,,,,,,,,,,,,,,,,,,,,,,,,,,,,,,,,,yes
Moose/Goose,,,,,,,,Лось/Гусь,,,,,,,,,,,,,,,,,,,,,,,,,,,,,,,,,,,,,yes
Mosling,,,,,,,,Лосегусяня,,,,,,,,,,,,,,,,,,,,,,,,,,,,,,,,,,,,,yes
Poison Birchnut Tree,,,,,,,,Ядавіты бярозавы каштан,,,,,,,,,,,,,,,,,,,,,,,,,,,,,,,,,,,,,yes
Birchnutter,,,,,,,,Каштанабярозавік,,,,,,,,,,,,,,,,,,,,,,,,,,,,,,,,,,,,,yes
Volt Goat,,,,,,,,Вольтказа,,,,,,,,,,,,,,,,,,,,,,,,,,,,,,,,,,,,,yes
Charged Volt Goat,,,,,,,,Зараджаная вольтказа,,,,,,,,,,,,,,,,,,,,,,,,,,,,,,,,,,,,,yes
Blue Whale,,,,,,,,Сіні кіт,,,,,,,,,,,,,,,,,,,,,,,,,,,,,,,,,,,,,yes
Bottlenose Ballphin,,,,,,,,Пляшканосая афаліна,,,,,,,,,,,,,,,,,,,,,,,,,,,,,,,,,,,,,yes
Crabbit,,,,,,,,Крусік,,,,,,,,,,,,,,,,,,,,,,,,,,,,,,,,,,,,,yes
Crocodog,,,,,,,,Кракапёс,,,,,,,,,,,,,,,,,,,,,,,,,,,,,,,,,,,,,yes
Blue Crocodog,,,,,,,,Сіні кракапёс,,,,,,,,,,,,,,,,,,,,,,,,,,,,,,,,,,,,,yes
Yellow Crocodog,,,,,,,,Жоўты кракапёс,,,,,,,,,,,,,,,,,,,,,,,,,,,,,,,,,,,,,yes
Dogfish,,,,,,,,Рыбапёс,,,,,,,,,,,,,,,,,,,,,,,,,,,,,,,,,,,,,yes
Doydoy,,,,,,,,Дадо,,,,,,,,,,,,,,,,,,,,,,,,,,,,,,,,,,,,,yes
Teen Doydoy,,,,,,,,Дадо-падлетак,,,,,,,,,,,,,,,,,,,,,,,,,,,,,,,,,,,,,yes
Baby Doydoy,,,,,,,,Даданя,,,,,,,,,,,,,,,,,,,,,,,,,,,,,,,,,,,,,yes
Dragoon,,,,,,,,Драгун,,,,,,,,,,,,,,,,,,,,,,,,,,,,,,,,,,,,,yes
Fishermerm,,,,,,,,Мэрм-рыбалка,,,,,,,,,,,,,,,,,,,,,,,,,,,,,,,,,,,,,yes
Floaty Boaty Knight,,,,,,,,Вадаплаўны конь,,,,,,,,,,,,,,,,,,,,,,,,,,,,,,,,,,,,,yes
Flup,,,,,,,,Флап,,,,,,,,,,,,,,,,,,,,,,,,,,,,,,,,,,,,,yes
Jellyfish,,,,,,,,Медуза,,,,,,,,,,,,,,,,,,,,,,,,,,,,,,,,,,,,,yes
Packim Baggims,,,,,,,,Пакаваннік-Чамаданнік,,,,,,,,,,,,,,,,,,,,,,,,,,,,,,,,,,,,,yes
Palm Treeguard,,,,,,,,Пальмавы гаюн,,,,,,,,,,,,,,,,,,,,,,,,,,,,,,,,,,,,,yes
Poison Snake,,,,,,,,Ядавітая змяюка,,,,,,,,,,,,,,,,,,,,,,,,,,,,,,,,,,,,,yes
Poison Mosquito,,,,,,,,Ядавіты камар,,,,,,,,,,,,,,,,,,,,,,,,,,,,,,,,,,,,,yes
Prime Ape,,,,,,,,Крыўлят,,,,,,,,,,,,,,,,,,,,,,,,,,,,,,,,,,,,,yes
Quacken,,,,,,,,Кра-кракен,,,,,,,,,,,,,,,,,,,,,,,,,,,,,,,,,,,,,yes
Quacken Tentacle,,,,,,,,Кра-кракенава шчупальца,,,,,,,,,,,,,,,,,,,,,,,,,,,,,,,,,,,,,yes
Rainbow Jellyfish,,,,,,,,Вясёлкавая медуза,,,,,,,,,,,,,,,,,,,,,,,,,,,,,,,,,,,,,yes
Pog,,,,,,,,Вялікавух,,,,,,,,,,,,,,,,,,,,,,,,,,,,,,,,,,,,,yes
Poison Dartfrog,,,,,,,,Ядавітая кідкажабка,,,,,,,,,,,,,,,,,,,,,,,,,,,,,,,,,,,,,yes
Pugalisk,,,,,,,,Кірпаніск,,,,,,,,,,,,,,,,,,,,,,,,,,,,,,,,,,,,,yes
Queen Womant,,,,,,,,Каралева-мурчына,,,,,,,,,,,,,,,,,,,,,,,,,,,,,,,,,,,,,yes
Ro Bin,,,,,,,,Смет-Нік,,,,,,,,,,,,,,,,,,,,,,,,,,,,,,,,,,,,,yes
Scorpion,,,,,,,,Скарпіён,,,,,,,,,,,,,,,,,,,,,,,,,,,,,,,,,,,,,yes
Snaptooth,,,,,,,,Зубашчоўк,,,,,,,,,,,,,,,,,,,,,,,,,,,,,,,,,,,,,yes
Snaptooth Flytrap,,,,,,,,Зубашчоўк-мухалоў,,,,,,,,,,,,,,,,,,,,,,,,,,,,,,,,,,,,,yes
Spider Monkey,,,,,,,,Малпавук,,,,,,,,,,,,,,,,,,,,,,,,,,,,,,,,,,,,,yes
Thunderbird,,,,,,,,Гром-птушка,,,,,,,,,,,,,,,,,,,,,,,,,,,,,,,,,,,,,yes
Vampire Bat,,,,,,,,Кажан-вампір,,,,,,,,,,,,,,,,,,,,,,,,,,,,,,,,,,,,,yes
Viper,,,,,,,,Гадзюка,,,,,,,,,,,,,,,,,,,,,,,,,,,,,,,,,,,,,yes
Weevole,,,,,,,,Палявы даўганосік,,,,,,,,,,,,,,,,,,,,,,,,,,,,,,,,,,,,,yes
Bee Queen,,,,,,,,Пчаліная каралева,,,,,,,,,,,,,,,,,,,,,,,,,,,,,,,,,,,,,yes
Carrat,,,,,,,,Морквацук,,,,,,,,,,,,,,,,,,,,,,,,,,,,,,,,,,,,,yes
Crab King,,,,,,,,кароль крабаў,,,,,,,,,,,,,,,,,,,,,,,,,,,,,,,,,,,,,yes
Cookie Cutter,,,,,,,,Печыварэз,,,,,,,,,,,,,,,,,,,,,,,,,,,,,,,,,,,,,yes
Crustashine,,,,,,,,Ракабліск,,,,,,,,,,,,,,,,,,,,,,,,,,,,,,,,,,,,,yes
Extra-Adorable Lavae,,,,,,,,Надзвычай мілая лавалярва,,,,,,,,,,,,,,,,,,,,,,,,,,,,,,,,,,,,,yes
Mandrake,,,,,,,,Мандрагора,,,,,,,,,,,,,,,,,,,,,,,,,,,,,,,,,,,,,yes
Lureplant,,,,,,,,Пасткацвет,,,,,,,,,,,,,,,,,,,,,,,,,,,,,,,,,,,,,yes
Mosquito,,,,,,,,Камар,,,,,,,,,,,,,,,,,,,,,,,,,,,,,,,,,,,,,yes
Pig,,,,,,,,Свін,,,,,,,,,,,,,,,,,,,,,,,,,,,,,,,,,,,,,yes
Guardian Pig,,,,,,,,Свін-вартаўнік,,,,,,,,,,,,,,,,,,,,,,,,,,,,,,,,,,,,,yes
Werepig,,,,,,,,Свіналак,,,,,,,,,,,,,,,,,,,,,,,,,,,,,,,,,,,,,yes
Pig King,,,,,,,,Кароль свінаў,,,,,,,,,,,,,,,,,,,,,,,,,,,,,,,,,,,,,yes
Rabbit,,,,,,,,Трус,,,,,,,,,,,,,,,,,,,,,,,,,,,,,,,,,,,,,yes
Beardling,,,,,,,,Трусабарод,,,,,,,,,,,,,,,,,,,,,,,,,,,,,,,,,,,,,yes
Rock Lobster,,,,,,,,Каменны амар,,,,,,Dont Starve,,,,,,,,,,,,,,,,,,,,,,,,,,,,,,,yes
Crawling Horror,,,,,,,,Паўзучы жах,,,,,,Dont Starve,,,,,,,,,,,,,,,,,,,,,,,,,,,,,,,yes
Terrorbeak,,,,,,,,Страхадзюб,,,,,,Dont Starve,,,,,,,,,,,,,,,,,,,,,,,,,,,,,,,yes
Slurtle,,,,,,,,Смаўжаха,,,,,,Dont Starve,,,,,,,,,,,,,,,,,,,,,,,,,,,,,,,yes
Splumonkey,,,,,,,,Спелеамалпа,,,,,,Dont Starve,,,,,,,,,,,,,,,,,,,,,,,,,,,,,,,yes
Shadow Splumonkey,,,,,,,,Ценявая Спелеамалпа,,,,,,Dont Starve,,,,,,,,,,,,,,,,,,,,,,,,,,,,,,,yes
Spider,,,,,,,,Павук,,,,,,Dont Starve,,,,,,,,,,,,,,,,,,,,,,,,,,,,,,,yes
Spider Warrior,,,,,,,,Павук-ваяр,,,,,,Dont Starve,,,,,,,,,,,,,,,,,,,,,,,,,,,,,,,yes
Spider Queen,,,,,,,,Павуковая каралева,,,,,,,,,,,,,,,,,,,,,,,,,,,,,,,,,,,,,yes
Cave Spider,,,,,,,,Пячорны павук,,,,,,Dont Starve,,,,,,,,,,,,,,,,,,,,,,,,,,,,,,,yes
Spitter,,,,,,,,Плявун,,,,,,Dont Starve,,,,,,,,,,,,,,,,,,,,,,,,,,,,,,,yes
Dangling Depth Dweller,,,,,,,,Глыбінны целяпак,,,,,,Dont Starve,,,,,,,,,,,,,,,,,,,,,,,,,,,,,,,yes
Tallbird,,,,,,,,Рослаптах,,,,,,Dont Starve,,,,,,,,,,,,,,,,,,,,,,,,,,,,,,,yes
Teenbird,,,,,,,,Птушка-подлетак,,,,,,,,,,,,,,,,,,,,,,,,,,,,,,,,,,,,,yes
Smallbird,,,,,,,,малаптах,,,,,,Dont Starve,,,,,,,,,,,,,,,,,,,,,,,,,,,,,,,yes
Tentacle,,,,,,,,Шчупальца,,,,,,Dont Starve,,,,,,,,,,,,,,,,,,,,,,,,,,,,,,,yes
Big Tentacle,,,,,,,,Вялікае шчупальца,,,,,,Dont Starve,,,,,,,,,,,,,,,,,,,,,,,,,,,,,,,yes
Baby Tentacle,,,,,,,,Шчупальцаня,,,,,,Dont Starve,,,,,,,,,,,,,,,,,,,,,,,,,,,,,,,yes
Shadow Tentacle,,,,,,,,Ценявое шчупальца,,,,,,Dont Starve,,,,,,,,,,,,,,,,,,,,,,,,,,,,,,,yes
Treeguard,,,,,,,,гаюн,,,,,,Dont Starve,,,,,,,,,,,,,,,,,,,,,,,,,,,,,,,yes
Bearger,,,,,,,,медзвярсук,,,,,,Dont Starve,,,,,,,,,,,,,,,,,,,,,,,,,,,,,,,yes
Buzzard,,,,,,,,сіп,,,,,,Dont Starve,,,,,,,,,,,,,,,,,,,,,,,,,,,,,,,yes
Catcoon,,,,,,,,янотакот,,,,,,Dont Starve,,,,,,,,,,,,,,,,,,,,,,,,,,,,,,,yes
Dragonfly,,,,,,,,цмуха,,,,,,Dont Starve,,,,,,,,,,,,,,,,,,,,,,,,,,,,,,,yes
Glommer,,,,,,,,Гломмер,,,,,,Dont Starve,,,,,,,,,,,,,,,,,,,,,,,,,,,,,,,yes
Sculpture,,,,,,,,скульптура,,,,,,,,,,,,,,,,,,,,,,,,,,,,,,,,,,,,,yes
Figure,,,,,,,,фігура,,,,,,,,,,,,,,,,,,,,,,,,,,,,,,,,,,,,,yes
Statue,,,,,,,,статуя,,,,,,,,,,,,,,,,,,,,,,,,,,,,,,,,,,,,,yes
Pipton,,,,,,,,Піптон,,,,,,,,,,,,,,,,,,,,,,,,,,,,,,,,,,,,,yes
Sammy,,,,,,,,Сэммі,,,,,,,,,,,,,,,,,,,,,,,,,,,,,,,,,,,,,yes
Pig House,,,,,,,,свінух,,,,,,,,,,,,,,,,,,,,,,,,,,,,,,,,,,,,,yes
Friendly,,,,,,,,Прыязны,DST,,,,,,,,,,,,,,,,,,,,,,,,,,,,,,,,,,,,yes
Scarecrow,,,,,,,,Пудзіла,,,,,,,,,,,,,,,,,,,,,,,,,,,,,,,,,,,,,yes
Royal Jelly,,,,,,,,Матачнае малачко,,,,,,,,,,,,,,,,,,,,,,,,,,,,,,,,,,,,,yes
Rook,,,,,,,,тура,(шахматная фігура),,,,,,,,,,,,,,,,,,,,,,,,,,,,,,,,,,,,yes
Thulecite,,,,,,,,Тулецыт,Мінерал (DST),,,,,,,,,,,,,,,,,,,,,,,,,,,,,,,,,,,,yes
Silk,,,,,,,,Ядваб,,,,,,,,,,,,,,,,,,,,,,,,,,,,,,,,,,,,,yes
preset,,,,,,,,шаблон,,,,,,,,,,,,,,,,,,,,,,,,,,,,,,,,,,,,,yes
Bull Kelp,,,,,,,,Бычыныя водарасці,,,,,,,,,,,,,,,,,,,,,,,,,,,,,,,,,,,,,yes
pearl,,,,,,,,Перліна,,,,,,,,,,,,,,,,,,,,,,,,,,,,,,,,,,,,,yes
Mod,,,,,,,,мадыфікацыя,,,,,,,,,,,,,,,,,,,,,,,,,,,,,,,,,,,,,yes
Nordic,,,,,,,,Нардычны,,,,,,,,,,,,,,,,,,,,,,,,,,,,,,,,,,,,,yes
Froggle Bunwich,,,,,,,,Жабвіч,,,,,,,,,,,,,,,,,,,,,,,,,,,,,,,,,,,,,yes
Melonsicle,,,,,,,,Ледзякавун,,,,,,,,,,,,,,,,,,,,,,,,,,,,,,,,,,,,,yes
Asparagus Soup,,,,,,,,Спаржавы суп,,,,,,,,,,,,,,,,,,,,,,,,,,,,,,,,,,,,,yes
Bacon and Eggs,,,,,,,,Яйкі з беконам,,,,,,,,,,,,,,,,,,,,,,,,,,,,,,,,,,,,,yes
Banana Shake,,,,,,,,Бананавы шэйк,,,,,,,,,,,,,,,,,,,,,,,,,,,,,,,,,,,,,yes
Bisque,,,,,,,,Суп-пюрэ,,,,,,,,,,,,,,,,,,,,,,,,,,,,,,,,,,,,,yes
Breakfast Skillet,,,,,,,,Сытны сняданак,,,,,,,,,,,,,,,,,,,,,,,,,,,,,,,,,,,,,yes
Butter Muffin,,,,,,,,Матыляны кекс,,,,,,,,,,,,,,,,,,,,,,,,,,,,,,,,,,,,,yes
Ceviche,,,,,,,,Сэвічэ,,,,,,,,,,,,,,,,,,,,,,,,,,,,,,,,,,,,,yes
Divining Rod,,,,,,,,лазовы пруток,,,,,,,,,,,,,,,,,,,,,,,,,,,,,,,,,,,,,yes
Dreadstone,,,,,,,,жудневы,,,,,,,,,,,,,,,,,,,,,,,,,,,,,,,,,,,,,yes
Driftwood,,,,,,,,Карчак,,,,,,,,,,,,,,,,,,,,,,,,,,,,,,,,,,,,,yes
Cabbage Rolls,,,,,,,,Галубцы,,,,,,,,,,,,,,,,,,,,,,,,,,,,,,,,,,,,,yes
Monster Meat,,,,,,,,Манстрына,,,,,,,,,,,,,,,,,,,,,,,,,,,,,,,,,,,,,yes
Boomshroom,,,,,,,,Грыбомба,,,,,,,,,,,,,,,,,,,,,,,,,,,,,,,,,,,,,yes
Mushlight,,,,,,,,Светламох,,,,,,,,,,,,,,,,,,,,,,,,,,,,,,,,,,,,,yes
Sproutrock,,,,,,,,Гарастак,,,,,,,,,,,,,,,,,,,,,,,,,,,,,,,,,,,,,yes
Evergreen,,,,,,,,хваіна,,,,,,,,,,,,,,,,,,,,,,,,,,,,,,,,,,,,,yes
Light Flower,,,,,,,,светлацвет,,,,,,,,,,,,,,,,,,,,,,,,,,,,,,,,,,,,,yes
Evil Flower,,,,,,,,ліхацвет,,,,,,,,,,,,,,,,,,,,,,,,,,,,,,,,,,,,,yes
Glommer's Flower,,,,,,,,гломмерцвет,,,,,,,,,,,,,,,,,,,,,,,,,,,,,,,,,,,,,yes
Glow Berry,,,,,,,,Святліцы,,,,,,,,,,,,,,,,,,,,,,,,,,,,,,,,,,,,,yes
Blueprint,,,,,,,,рысунак,,,,,,,,,,,,,,,,,,,,,,,,,,,,,,,,,,,,,yes
Bunny,,,,,,,,заяц,,,,,,,,,,,,,,,,,,,,,,,,,,,,,,,,,,,,,yes
Kit,,,,,,,,зборны,"Для пераносных прадметаў, якія можна потым недзе паставіць (DST)",,,,,,,,,,,,,,,,,,,,,,,,,,,,,,,,,,,,yes
Chocolate Log,,,,,,,,Шакаладнае палена,,,,,,,,,,,,,,,,,,,,,,,,,,,,,,,,,,,,,yes
Rotting,,,,,,,,гнілы,,,,,,,,,,,,,,,,,,,,,,,,,,,,,,,,,,,,,yes
Seeds,,,,,,,,насенне,,,,,,,,,,,,,,,,,,,,,,,,,,,,,,,,,,,,,yes
Killer Bee,,,,,,,,Хіжая пчала,,,,,,,,,,,,,,,,,,,,,,,,,,,,,,,,,,,,,yes
Helm,,,,,,,,шалом,,,,,,,,,,,,,,,,,,,,,,,,,,,,,,,,,,,,,yes
Codex Umbra,,,,,,,,Кодэкс Умбра,,,,,,,,,,,,,,,,,,,,,,,,,,,,,,,,,,,,,yes
Scrap,,,,,,,,Ламачча,,,,,,,,,,,,,,,,,,,,,,,,,,,,,,,,,,,,,yes
Junk,,,,,,,,Хлам’ё,,,,,,,,,,,,,,,,,,,,,,,,,,,,,,,,,,,,,yes
Kitschy,,,,,,,,Халтурны,,,,,,,,,,,,,,,,,,,,,,,,,,,,,,,,,,,,,yes
Idol,,,,,,,,ідал,,,,,,,,,,,,,,,,,,,,,,,,,,,,,,,,,,,,,yes
Wet Goop,,,,,,,,Волкая калатуша,,,,,,,,,,,,,,,,,,,,,,,,,,,,,,,,,,,,,yes
Chair,,,,,,,,крэсла,,,,,,,,,,,,,,,,,,,,,,,,,,,,,,,,,,,,,yes
Wortox,,,,,,,,Вортакс,,,,,,,,,,,,,,,,,,,,,,,,,,,,,,,,,,,,,yes
Decoration,,,,,,,,аздоба,,,,,,,,,,,,,,,,,,,,,,,,,,,,,,,,,,,,,yes
Reeds,,,,,,,,чарот,DST,,,,,,,,,,,,,,,,,,,,,,,,,,,,,,,,,,,,yes
Effigy,,,,,,,,стод,,,,,,,,,,,,,,,,,,,,,,,,,,,,,,,,,,,,,yes
Durian,,,,,,,,дурыян,,,,,,,,,,,,,,,,,,,,,,,,,,,,,,,,,,,,,yes
Toma Root,,,,,,,,таматны корань,,,,,,,,,,,,,,,,,,,,,,,,,,,,,,,,,,,,,yes
Sinkhole,,,,,,,,карставая лейка,,,,,,,,,,,,,,,,,,,,,,,,,,,,,,,,,,,,,yes
Barnacle,,,,,,,,марскія жалуды,,,,,,,,,,,,,,,,,,,,,,,,,,,,,,,,,,,,,yes
Sketch,,,,,,,,накід,,,,,,,,,,,,,,,,,,,,,,,,,,,,,,,,,,,,,yes
Hunger,,,,,,,,сытасць,DST (паказальнік персанажа),,,,,,,,,,,,,,,,,,,,,,,,,,,,,,,,,,,,yes
Constant,,,,,,,,Канстанта,назва вымярэння,,,,,Dont Starve,,,,,,,,,,,,,,,,,,,,,,,,,,,,,,,yes
Survivor,,,,,,,,ацалелы,,,,,,,,,,,,,,,,,,,,,,,,,,,,,,,,,,,,,yes
Crock Pot,,,,,,,,Казан,,,,,,,,,,,,,,,,,,,,,,,,,,,,,,,,,,,,,yes
Bunnymen,,,,,,,,Зайцалюды,,,,,,,,,,,,,,,,,,,,,,,,,,,,,,,,,,,,,yes
Rabbit Hutch,,,,,,,,Трусятнік,,,,,,,,,,,,,,,,,,,,,,,,,,,,,,,,,,,,,yes
Fissure,,,,,,,,расшчэпіна,,,,,,,,,,,,,,,,,,,,,,,,,,,,,,,,,,,,,yes
Bowl,,,,,,,,Міса,,,,,,,,,,,,,,,,,,,,,,,,,,,,,,,,,,,,,yes
Pumpkin,,,,,,,,гарбуз,,,,,,,,,,,,,,,,,,,,,,,,,,,,,,,,,,,,,yes
Pond,,,,,,,,Сажалка,,,,,,,,,,,,,,,,,,,,,,,,,,,,,,,,,,,,,yes
Kelp,,,,,,,,водарасць,,,,,,,,,,,,,,,,,,,,,,,,,,,,,,,,,,,,,yes
Steel Wool,,,,,,,,cтальная воўна,,,,,,,,,,,,,,,,,,,,,,,,,,,,,,,,,,,,,yes
Bream,,,,,,,,Лешч,,,,,,,,,,,,,,,,,,,,,,,,,,,,,,,,,,,,,yes
Bass,,,,,,,,Акунь,,,,,,,,,,,,,,,,,,,,,,,,,,,,,,,,,,,,,yes
Packet,,,,,,,,пакунак,DST(для насення),,,,,,,,,,,,,,,,,,,,,,,,,,,,,,,,,,,,yes
Brightshade,,,,,,,,Бліскацень,(DST),,,,,,,,,,,,,,,,,,,,,,,,,,,,,,,,,,,,yes
Sword,,,,,,,,меч,,,,,,,,,,,,,,,,,,,,,,,,,,,,,,,,,,,,,yes
pot,,,,,,,,гаршчок,,,,,,,,,,,,,,,,,,,,,,,,,,,,,,,,,,,,,yes
Spoiled,,,,,,,,сапсаваны,DST,,,,,,,,,,,,,,,,,,,,,,,,,,,,,,,,,,,,yes
Vest,,,,,,,,камізэлька,,,,,,,,,,,,,,,,,,,,,,,,,,,,,,,,,,,,,yes
Top Hat,,,,,,,,Цыліндр,,,,,,,,,,,,,,,,,,,,,,,,,,,,,,,,,,,,,yes
Bramble,,,,,,,,ажына,,,,,,,,,,,,,,,,,,,,,,,,,,,,,,,,,,,,,yes
Adornment,,,,,,,,упрыгажэнне,,,,,,,,,,,,,,,,,,,,,,,,,,,,,,,,,,,,,yes
Protection,,,,,,,,абароненасць,DST(Статыстыка персанажа і вопраткі),,,,,,,,,,,,,,,,,,,,,,,,,,,,,,,,,,,,yes
Torch,,,,,,,,паходня,,,,,,,,,,,,,,,,,,,,,,,,,,,,,,,,,,,,,yes
Discard,,,,,,,,"знос, знесці","ключаваое слова, механіка",,,,,,,,,,,,,,,,,,,,,,,,,,,,,,,,,,,,yes
Group ID,,,,,,,,ідэнтыфікатар групы,,,,,,,,,,,,,,,,,,,,,,,,,,,,,,,,,,,,,yes
Creature,,,,,,,,Істота,,,,,,,,,,,,,,,,,,,,,,,,,,,,,,,,,,,,,yes
Difficult,,,,,,,,Складана,,,,,,,,,,,,,,,,,,,,,,,,,,,,,,,,,,,,,yes
Cave,,,,,,,,пячора,,,,,,,,,,,,,,,,,,,,,,,,,,,,,,,,,,,,,yes
Chapter,,,,,,,,Раздзел,,,,,,,,,,,,,,,,,,,,,,,,,,,,,,,,,,,,,yes
Event,,,,,,,,Падзея,Агульнае,,,,FEMININE,,,Unikalna,,,,,,,,Событие,,,,,,,,Подія,,,,,,,,,,,,,yes
Sorcerer,,,,,,,,чараўнік,,,,,,,,,,,,,,,,,,,,,,,,,,,,,,,,,,,,,yes
Diamonds,,,,,,,,звонкі,масць у картах,,,,,,,,,,,,,,,,,,,,,,,,,,,,,,,,,,,,yes
Clubs,,,,,,,,трэфы,,,,,,,,,,,,,,,,,,,,,,,,,,,,,,,,,,,,,yes
Expertise,,,,,,,,умеласць,,,,,,,,,,,,,,,,,,,,,,,,,,,,,,,,,,,,,yes
Suit,,,,,,,,гарнітур,,,,,,,,,,,,,,,,,,,,,,,,,,,,,,,,,,,,,yes
Outfit,,,,,,,,касцюм,"Калі ідзецца пра спэцыялізаваную экіпіроўку (Касцюм дайвера, на прыклад)",,,,,,,,,,,,,,,,,,,,,,,,,,,,,,,,,,,,yes
Archaic,,,,,,,,Прадаўні,,,,,,,,,,,,,,,,,,,,,,,,,,,,,,,,,,,,,yes
Rift,,,,,,,,Расколіна,,,,,,,,,,,,,,,,,,,,,,,,,,,,,,,,,,,,,yes
Eel,,,,,,,,вугор,,,,,,,,,,,,,,,,,,,,,,,,,,,,,,,,,,,,,yes
Algae,,,,,,,,багавінне,,,,,,,,,,,,,,,,,,,,,,,,,,,,,,,,,,,,,yes
Tent,,,,,,,,намёт,,,,,,,,,,,,,,,,,,,,,,,,,,,,,,,,,,,,,yes
Turf,,,,,,,,глеба,(DST),,,,,,,,,,,,,,,,,,,,,,,,,,,,,,,,,,,,yes
Account,,,,,,,,Акаўнт,Уліковы запіс не ўладзіць (DST),,,,,,,,,,,,,,,,,,,,,,,,,,,,,,,,,,,,yes
neck,,,,,,,,шыя,,,,,,,,,,,,,,,,,,,,,,,,,,,,,,,,,,,,,yes
Lunar,,,,,,,,Месяцовы,(DST),,,,,,,,,,,,,,,,,,,,,,,,,,,,,,,,,,,,yes
Essence,,,,,,,,эсэнцыя,,,,,,,,,,,,,,,,,,,,,,,,,,,,,,,,,,,,,yes
Costume,,,,,,,,строй,,,,,,,,,,,,,,,,,,,,,,,,,,,,,,,,,,,,,yes
Pattern,,,,,,,,Выкрайка,,,,,,,,,,,,,,,,,,,,,,,,,,,,,,,,,,,,,yes
Funcap,,,,,,,,Грыбелюш,(DST),,,,,,,,,,,,,,,,,,,,,,,,,,,,,,,,,,,,yes
Rhinocebro,,,,,,,,Браткарог,,,,,,,,,,,,,,,,,,,,,,,,,,,,,,,,,,,,,yes
Moon Quay,,,,,,,,месячная прыстань,,,,,,,,,,,,,,,,,,,,,,,,,,,,,,,,,,,,,yes
Starter,,,,,,,,Флянс,"Расліны (DST,SV)",,,,,,,,,,,,,,,,,,,,,,,,,,,,,,,,,,,,yes
Boarrior,,,,,,,,Кнырака,,,,,,,,,,,,,,,,,,,,,,,,,,,,,,,,,,,,,yes
Cawnival,,,,,,,,Каррнавал,,,,,,,,,,,,,,,,,,,,,,,,,,,,,,,,,,,,,yes
Hole,,,,,,,,Кокан,толькі калі гаворка пра жытло пакукоў (DST),,,,,,,,,,,,,,,,,,,,,,,,,,,,,,,,,,,,yes
Pouch,,,,,,,,кайстра,,,,,,,,,,,,,,,,,,,,,,,,,,,,,,,,,,,,,yes
Pure Horror,,,,,,,,Існы жах,,,,,,,,,,,,,,,,,,,,,,,,,,,,,,,,,,,,,yes
Nitre,,,,,,,,салетра,,,,,,,,,,,,,,,,,,,,,,,,,,,,,,,,,,,,,yes
Nugget,,,,,,,,самародак,"Калі ідзецца пра руду, скальную пароду",,,,,,,,,,,,,,,,,,,,,,,,,,,,,,,,,,,,yes
Gateway,,,,,,,,вароты,(DST),,,,,,,,,,,,,,,,,,,,,,,,,,,,,,,,,,,,yes
Mast,,,,,,,,шчогла,,,,,,,,,,,,,,,,,,,,,,,,,,,,,,,,,,,,,yes
Pinetree Pioneer,,,,,,,,чваёвы піянер,,,,,,,,,,,,,,,,,,,,,,,,,,,,,,,,,,,,,yes
Healer,,,,,,,,лекар,,,,,,,,,,,,,,,,,,,,,,,,,,,,,,,,,,,,,yes
Guardian,,,,,,,,вартаўнік,,,,,,,,,,,,,,,,,,,,,,,,,,,,,,,,,,,,,yes
Masquerader,,,,,,,,маскарадны,,,,,,,,,,,,,,,,,,,,,,,,,,,,,,,,,,,,,yes
Winona,,,,,,,,Вайнона,,,,,,,,,,,,,,,,,,,,,,,,,,,,,,,,,,,,,yes
Raft,,,,,,,,плыт,,,,,,,,,,,,,,,,,,,,,,,,,,,,,,,,,,,,,yes
Pure Brilliance,,,,,,,,чыстая асляпляльнасць,,,,,,,,,,,,,,,,,,,,,,,,,,,,,,,,,,,,,yes
Cut Stone,,,,,,,,абсечаны камень,,,,,,,,,,,,,,,,,,,,,,,,,,,,,,,,,,,,,yes
Bog,,,,,,,,дрыгва,,,,,,,,,,,,,,,,,,,,,,,,,,,,,,,,,,,,,yes
Marsh,,,,,,,,багна,,,,,,,,,,,,,,,,,,,,,,,,,,,,,,,,,,,,,yes
curio,,,,,,,,дзівос,,,,,,,,,,,,,,,,,,,,,,,,,,,,,,,,,,,,,yes
collar,,,,,,,,аброжак,калі для жывёлы,,,,,,,,,,,,,,,,,,,,,,,,,,,,,,,,,,,,yes
nox,,,,,,,,нявол,"""Як вол, толькі не вол""",,,,,,,,,,,,,,,,,,,,,,,,,,,,,,,,,,,,yes
wetness,,,,,,,,макрата,,,,,,,,,,,,,,,,,,,,,,,,,,,,,,,,,,,,,yes
Gorge,,,,,,,,Цясніна,,,,,,,,,,,,,,,,,,,,,,,,,,,,,,,,,,,,,yes
overheating,,,,,,,,перагрэў,,,,,,,,,,,,,,,,,,,,,,,,,,,,,,,,,,,,,yes
freezing,,,,,,,,абмаражэнне,,,,,,,,,,,,,,,,,,,,,,,,,,,,,,,,,,,,,yes
Florid Postern,,,,,,,,вычварны ход,,,,,,,,,,,,,,,,,,,,,,,,,,,,,,,,,,,,,yes
Den,,,,,,,,логава,,,,,,,,,,,,,,,,,,,,,,,,,,,,,,,,,,,,,yes
Touch Stone,,,,,,,,Лідыйскі камень,,,,,,,,,,,,,,,,,,,,,,,,,,,,,,,,,,,,,yes
container,,,,,,,,ёмішча,калі гаворка пра абстрактнае месца для захоўвання чагось (DST),,,,,,,,,,,,,,,,,,,,,,,,,,,,,,,,,,,,yes
Palmcone,,,,,,,,шышкальма,,,,,,,,,,,,,,,,,,,,,,,,,,,,,,,,,,,,,yes
Rucksack,,,,,,,,Рукзак,,,,,,,,,,,,,,,,,,,,,,,,,,,,,,,,,,,,,yes
Backpack,,,,,,,,заплечнік,,,,,,,,,,,,,,,,,,,,,,,,,,,,,,,,,,,,,yes
Hearthsfire,,,,,,,,Агнежар,,,,,,,,,,,,,,,,,,,,,,,,,,,,,,,,,,,,,yes
Scrapbook,,,,,,,,альбом,,,,,,,,,,,,,,,,,,,,,,,,,,,,,,,,,,,,,yes
dock,,,,,,,,прыстань,,,,,,,,,,,,,,,,,,,,,,,,,,,,,,,,,,,,,yes
Slipper,,,,,,,,пантофлі,,,,,,,,,,,,,,,,,,,,,,,,,,,,,,,,,,,,,yes
Fencing,,,,,,,,агароджа,,,,,,,,,,,,,,,,,,,,,,,,,,,,,,,,,,,,,yes
Bracer,,,,,,,,Наруч,,,,,,,,,,,,,,,,,,,,,,,,,,,,,,,,,,,,,yes
Bracelet,,,,,,,,Бранзалеты,,,,,,,,,,,,,,,,,,,,,,,,,,,,,,,,,,,,,yes
Cuffs,,,,,,,,Пульсэткі,,,,,,,,,,,,,,,,,,,,,,,,,,,,,,,,,,,,,yes
Strongman,,,,,,,,асілак,,,,,,,,,,,,,,,,,,,,,,,,,,,,,,,,,,,,,yes
Bangles,,,,,,,,Бранзалеткі,,,,,,,,,,,,,,,,,,,,,,,,,,,,,,,,,,,,,yes
Nouveau,,,,,,,,Мадэрнавы,,,,,,,,,,,,,,,,,,,,,,,,,,,,,,,,,,,,,yes
Merchant,,,,,,,,купец,,,,,,,,,,,,,,,,,,,,,,,,,,,,,,,,,,,,,yes
Panflute,,,,,,,,флейта Пана,,,,,,,,,,,,,,,,,,,,,,,,,,,,,,,,,,,,,yes
manure,,,,,,,,гной,,,,,,,,,,,,,,,,,,,,,,,,,,,,,,,,,,,,,yes
gnome,,,,,,,,гном,,,,,,,,,,,,,,,,,,,,,,,,,,,,,,,,,,,,,yes
adventurer,,,,,,,,рызыкант,,,,,,,,,,,,,,,,,,,,,,,,,,,,,,,,,,,,,yes
Seasoning Station,,,,,,,,прыпраўніца,,,,,,,,,,,,,,,,,,,,,,,,,,,,,,,,,,,,,yes
bookcase,,,,,,,,кніжная шафа,,,,,,,,,,,,,,,,,,,,,,,,,,,,,,,,,,,,,yes
Dolled-Up,,,,,,,,Лялечны,,,,,,,,,,,,,,,,,,,,,,,,,,,,,,,,,,,,,yes
Formal,,,,,,,,Урачысты,(DST),,,,,,,,,,,,,,,,,,,,,,,,,,,,,,,,,,,,yes
Flowery,,,,,,,,Квяцісты,,,,,,,,,,,,,,,,,,,,,,,,,,,,,,,,,,,,,yes
Ironclad,,,,,,,,Браняносец,Гулецкі Персанаж STS2,,,,MASCULINE,STS2,,Pancernik,,,,,,,,Латоносец,,,,,,,,Броненосець,,,,,,,,,,,,,yes
Circuit,,,,,,,,кампанент,паляпшэнні для WX-78 (DST),,,,,,,,,,,,,,,,,,,,,,,,,,,,,,,,,,,,yes
Ammo Pouch,,,,,,,,падсумак,,,,,,,,,,,,,,,,,,,,,,,,,,,,,,,,,,,,,yes
Allegiance,,,,,,,,адданасць,,,,,,,,,,,,,,,,,,,,,,,,,,,,,,,,,,,,,yes
Campfire,,,,,,,,цяпельца,(DST),,,,,,,,,,,,,,,,,,,,,,,,,,,,,,,,,,,,yes
Frock,,,,,,,,сукня,(DST),,,,,,,,,,,,,,,,,,,,,,,,,,,,,,,,,,,,yes
cloak,,,,,,,,плашч,,,,,,,,,,,,,,,,,,,,,,,,,,,,,,,,,,,,,yes
Bolt,,,,,,,,рулон,,,,,,,,,,,,,,,,,,,,,,,,,,,,,,,,,,,,,yes
Planar,,,,,,,,плоскасны,,,,,,,,,,,,,,,,,,,,,,,,,,,,,,,,,,,,,yes
Mourning Glory,,,,,,,,жалобнае ззянне,,,,,,,,,,,,,,,,,,,,,,,,,,,,,,,,,,,,,yes
Battle Song,,,,,,,,баявая песня,,,,,,,,,,,,,,,,,,,,,,,,,,,,,,,,,,,,,yes
Battle Stinger,,,,,,,,баявы спеў,,,,,,,,,,,,,,,,,,,,,,,,,,,,,,,,,,,,,yes
Antique,,,,,,,,Старадаўны,(DST),,,,,,,,,,,,,,,,,,,,,,,,,,,,,,,,,,,,yes
Straw Hat,,,,,,,,брыль,,,,,,,,,,,,,,,,,,,,,,,,,,,,,,,,,,,,,yes
Sack,,,,,,,,мех,,,,,,,,,,,,,,,,,,,,,,,,,,,,,,,,,,,,,yes
Loafers,,,,,,,,лоферы,,,,,,,,,,,,,,,,,,,,,,,,,,,,,,,,,,,,,yes
Clog,,,,,,,,дзеравянікі,абутак на драўлянай падэшве,,,,,,,,,,,,,,,,,,,,,,,,,,,,,,,,,,,,yes
Chassis,,,,,,,,корпус,,,,,,,,,,,,,,,,,,,,,,,,,,,,,,,,,,,,,yes
Valenki,,,,,,,,валёнкі,,,,,,,,,,,,,,,,,,,,,,,,,,,,,,,,,,,,,yes
Fiery,,,,,,,,агністы,,,,,,,,,,,,,,,,,,,,,,,,,,,,,,,,,,,,,yes
power,,,,,,,,сіла,,,,,,,,,,,,,,,,,,,,,,,,,,,,,,,,,,,,,yes
Overcoat,,,,,,,,паліто,,,,,,,,,,,,,,,,,,,,,,,,,,,,,,,,,,,,,yes
Attire,,,,,,,,шаты,,,,,,,,,,,,,,,,,,,,,,,,,,,,,,,,,,,,,yes
endtable,,,,,,,,столік,(DST),,,,,,,,,,,,,,,,,,,,,,,,,,,,,,,,,,,,yes
Deal,,VERB,,,,,,Прычыніць,,,,,,,,,,,,,,,,,,,,,,,,,,,,,,,,,,,,,yes
Necrobinder,,,,,,,,Цямнарка,Гулецкі Персанаж STS2,,,,FEMININE,STS2,,Nekromantka,,,,,,,,Призывающая,,,,,,,,Некромантка,,,,,,,,,,,,,yes
Regent,,,,,,,,Спадчыннік,Гулецкі Персанаж STS2,,,,MASCULINE,STS2,,Monarcha,,,,,,,,Наследник,,,,,,,,Реґент,,,,,,,,,,,,,yes
Silent,,,,,,,,Маўчальніца,Гулецкі Персанаж STS2,,,,FEMININE,STS2,,Zjawa,,,,,,,,Безмолвная,,,,,,,,Тиша,,,,,,,,,,,,,yes
Deprived,,,,,,,,Абяздолены,Гулецкі Персанаж STS2,,,,MASCULINE,STS2,,Bezlitosny,,,,,,,,Лишенный,,,,,,,,Знедолений,,,,,,,,,,,,,yes
Defect,,,,,,,,Дэфект,Гулецкі Персанаж STS2,,,,MASCULINE,STS2,,Defekt,,,,,,,,Дефект,,,,,,,,Ґандж,,,,,,,,,,,,,yes
HP,,,,,,,,АЗ,Ключавое слова,,,,,,,PŻ,,,,,,,,ОЗ,,,,,,,,ОЗ,,,,,,,,,,,,,yes
Ethereal,,,,,,,,эфірная,"ключавое слова, уласцівасць карты",,,,,,,Eteryczna,,,,,,,,Эфирная,,,,,,,,Примарна,,,,,,,,,,,,,yes
Eternal,,,,,,,,вечная,"ключавое слова, уласцівасць карты",,,,,,,Wieczna,,,,,,,,Вечная,,,,,,,,Вічна,,,,,,,,,,,,,yes
Innate,,,,,,,,пачатковая,"ключавое слова, уласцівасць карты",,,,,,,Startowa,,,,,,,,Начальная,,,,,,,,Початкова,,,,,,,,,,,,,yes
Retain,,,,,,,,Захоўваецца,"ключавое слова, уласцівасць карты",,,,,,,Zachowanie,,,,,,,,Оставляется,,,,,,,,Заховати,,,,,,,,,,,,,yes
Sly,,,,,,,,круцельства,"ключавое слова, уласцівасць карты",,,,,,,Chytra,,,,,,,,Коварная,,,,,,,,Хитрість,,,,,,,,,,,,,yes
Unplayable,,,,,,,,неігральная,Агульнае,,,,,,,Niezagrywalna,,,,,,,,Неиграбельная,,,,,,,,Неіграбельна,,,,,,,,,,,,,yes
Hex,,,,,,,,сурокі,Агульнае,,,,,,,Zaklęcie,,,,,,,,Сглаз,,,,,,,,Прокляття,,,,,,,,,,,,,yes
Strength,,,,,,,,моц,Агульнае (STS2),,,,,STS2,,Siłа,,,,,,,,сила,,,,,,,,Міц,,,,,,,,,,,,,yes
Stun,,,,,,,,аглушэнне,Агульнае,,,,NEUTER,,,Ogłuszenie,,,,,,,,Оглушение,,,,,,,,Оглушення,,,,,,,,,,,,,yes
Summon,,,,,,,,выклік,Агульнае,,,,,,,Przywołaj,,,,,,,,Призыв,,,,,,,,Поклик,,,,,,,,,,,,,yes
Elite,,,,,,,,элітны праціўнік,,,,,MASCULINE,,,Elitarny przeciwnik,,,,,,,,Элитный враг,,,,,,,,Еліта,,,,,,,,,,,,,yes
Boss,,,,,,,,бос,Агульнае,,,,,,,Boss,,,,,,,,Босс,,,,,,,,Князь,,,,,,,,,,,,,yes
Suck,,,,,,,,,,,,,,,,Wysysanie,,,,,,,,Глоток крови,,,,,,,,Висмоктування,,,,,,,,,,,,,yes
Myte,,,,,,,,,,,,,,,,Roztycz,,,,,,,,Кровожор,,,,,,,,Кліщик,,,,,,,,,,,,,yes
Flail,,,,,,,,,,,,,,,,Szeroki wymach,,,,,,,,Бичевание,,,,,,,,Цеп,,,,,,,,,,,,,yes
Flail Knight,,,,,,,,,,,,,,,,Szeroki Rycerz,,,,,,,,Цепной рыцарь,,,,,,,,Лицар із цепом,,,,,,,,,,,,,yes
Fogmog,,,,,,,,,,,,,,,,Grzybol,,,,,,,,Грибодуй,,,,,,,,Туманець,,,,,,,,,,,,,yes
Fuzzy Wurm Crawler,,,,,,,,Кудлаты чарвяпоўз,,,,,,,,Kędzierzawy Robok,,,,,,,,Пышный червогрив,,,,,,,,Волохатий черв'як-повзун,,,,,,,,,,,,,yes
Whirlwind,,,,,,,,віхор,,,,,,,,Wicher,,,,,,,,Вихрь,,,,,,,,Вихор,,,,,,,,,,,,,yes
Stomp,,,,,,,,тупаценне,дзеянне праціўніка,,,,,,,Tupnięcie,,,,,,,,Топот,,,,,,,,Тупотіння,,,,,,,,,,,,,yes
Seapunk,,,,,,,,Марскі галган,праціўнік,,,,,STS2,,Gloniarz,,,,,,,,Зламинария,,,,,,,,Морський бешкетник,,,,,,,,,,,,,yes
Scroll,,,,,,,,скрутак,,,,,,,,zwoj,,,,,,,,свиток,,,,,,,,сувій,,,,,,,,,,,,,yes
Nibbit,,,,,,,,,,,,,,,,Kumkacz,,,,,,,,Кусака,,,,,,,,Ніббіт,,,,,,,,,,,,,yes
Uppercut,,,,,,,,аперкот,,,,,,,,Cios,,,,,,,,Апперкот,,,,,,,,Аперкот,,,,,,,,,,,,,yes
Deck,,,,,,,,калода,,,,,,,,talia,,,,,,,,колода,,,,,,,,колода,,,,,,,,,,,,,yes
Insanity,,,,,,,,вар’яцтва,,,,,,,,Szaleństwo,,,,,,,,Сумасшествие,,,,,,,,Божевілля,,,,,,,,,,,,,yes
Hoarder,,,,,,,,Антыквар,,,,,,,,Syllogmania,,,,,,,,Барахольщик,,,,,,,,Збирач,,,,,,,,,,,,,yes
Run,,,,,,,,выправа,Адно праходжанне за персанажа,,,,,,,wyprawa,,,,,,,,вылазка,,,,,,,,забіг,,,,,,,,,,,,,yes
Relic,,,,,,,,рэліквія,Агульнае,,,,,,,artefakt,,,,,,,,реликвия,,,,,,,,Амулет,,,,,,,,,,,,,yes
Rest Site,,,,,,,,Стаянка,,,,,,,,Obozowisko,,,,,,,,Табір,,,,,,,,Лагерь,,,,,,,,,,,,,yes
Enemy,,,,,,,,праціўнік,Агульнае,,,,,,,Przeciwnik,,,,,,,,Ворог,,,,,,,,Враг,,,,,,,,,,,,,yes
Replay,,,,,,,,Паўтор,,,,,,,,Powtórka,,,,,,,,Повтор,,,,,,,,Повтор,,,,,,,,,,,,,yes
Forge,,,,,,,,"Гартоўка, гартаваць",,,,,,,,Wykuj,,,,,,,,Закалка,,,,,,,,Кування,,,,,,,,,,,,,yes
Tutorial,,,,,,,,навучанне,Агульнае,,,,,,,Poradnik,,,,,,,,Обучение,,,,,,,,Навчання,,,,,,,,,,,,,yes
Tip,,,,,,,,падказка,,,,,,,,Podpowiedź,,,,,,,,Подсказка,,,,,,,,Підказка,,,,,,,,,,,,,yes
Power,,,,,,,,моц,Агульнае,,,,,,,Moc,,,,,,,,Талант,,,,,,,,Талант,,,,,,,,,,,,,yes
Curse,,,,,,,,праклён,Агульнае,,,,,,,Klątwa,,,,,,,,Проклятие,,,,,,,,Прокляття,,,,,,,,,,,,,yes
Uncommon,,,,,,,,незвычайная,,,,,,,,Niepospolita,,,,,,,,Необычная,,,,,,,,Незвичайна,,,,,,,,,,,,,yes
Ascension,,,,,,,,узнясенне,ключаваое слова,,,,,,,Wyniesienie,,,,,,,,Возвышение,,,,,,,,Сходження,,,,,,,,,,,,,yes
Doom,,,,,,,,пагібель,"ключавое слова, механіка",,,,,,,Zagładę,,,,,,,,Злой рок,,,,,,,,Загибель,,,,,,,,,,,,,yes
Sovereign Blade,,,,,,,,клінок манарха,,,,,,STS2,,Niebiańskie Ostrze,,,,,,,,Клинок монарха,,,,,,,,Суверенний клинок,,,,,,,,,,,,,yes
The Glory,,,,,,,,Хорам,раздзел гульні,,,,,,,Splendor,,,,,,,,Чертог,,,,,,,,Слава,,,,,,,,,,,,,yes
The Hive,,,,,,,,Вулей,раздзел гульні,,,,MASCULINE,,,Roj,,,,,,,,Улей,,,,,,,,Вулик,,,,,,,,,,,,,yes
The Overgrowth,,,,,,,,Зараснік,раздзел гульні,,,,MASCULINE,,,Zarośla,,,,,,,,Заросли,,,,,,,,Хащі,,,,,,,,,,,,,yes
The Underdocks,,,,,,,,Падземныя Докі,раздзел гульні,,,,,,,Nabrzeże,,,,,,,,Пристань,,,,,,,,Підводдя,,,,,,,,,,,,,yes
Neow,,,,,,,,Няў,Старажытны,,,,FEMININE,STS2,,Neow ,,,,,,,,Ньяу ,,,,,,,,Няу ,,,,,,,,,,,,,yes
Khimera King,,,,,,,,Кароль хімер,Старажытны,,,,,,,Chimera Królewska,,,,,,,,Король-химера,,,,,,,,Король Хімер,,,,,,,,,,,,,yes
Abrasive,,,,,,,,,,,,,,,,Ścierniwo,,,,,,,,Дикобраз,,,,,,,,Абразив,,,,,,,,,,,,,yes
Accelerant,,,,,,,,Патэнцыятар,карта,,,,,,,Przyspieszacz,,,,,,,,Катализатор,,,,,,,,Прискорювач,,,,,,,,,,,,,yes
Accuracy,,,,,,,,трапнасць,карта,,,,,,,Celność,,,,,,,,Меткость,,,,,,,,Влучність,,,,,,,,,,,,,yes
Acrobatics,,,,,,,,акрабатыка,карта,,,,,,,,,,,,,,,,,,,,,,,Акробатика,,,,,,,,,,,,,yes
Mother of Resurrection (Exiled),,,,,,,,Маці Уваскрашэння,Старажытны,,,,FEMININE,,,Matka Wskrzeszenia (wygnana),,,,,,,,Праматерь воскрешения (в изгнании),,,,,,,,Мати Воскресіння (Вигнана),,,,,,,,,,,,,yes
Pael,,,,,,,,Паэль,Старажытны,,,,MASCULINE,STS2,,Pael,,,,,,,,Паэль,,,,,,,,Паель,,,,,,,,,,,,,yes
orb,,,,,,,,сфера,,,,,,,,Sfera,,,,,,,,Сфера,,,,,,,,Сфера,,,,,,,,,,,,,yes
Spiraling Whirlpool,,,,,,,,,,,,,,,,Spirujący wir,,,,,,,,Водоворот,,,,,,,,Спіральний Вир,,,,,,,,,,,,,yes
Mantra,,,,,,,,мантра,,,,,,,,Mantra,,,,,,,,Мантра,,,,,,,,Мантра,,,,,,,,,,,,,yes
vial,,,,,,,,,,,,,,,,Fiolka ,,,,,,,,Пузырек ,,,,,,,,Флакон ,,,,,,,,,,,,,yes
Repy,,,,,,,,Рэпі,,,,,,STS2,,Profesor Toperz,,,,,,,,Репи,,,,,,,,Репі,,,,,,,,,,,,,yes
Cursed ,,,,,,,,пракляты,,,,,,,,,,,,,,,,проклятый,,,,,,,,проклятий ,,,,,,,,,,,,,yes
Writhe,,,,,,,,Пакуты,,,,,,,,Zwijanie,,,,,,,,Муки,,,,,,,,Корчі,,,,,,,,,,,,,yes
Entangled,,,,,,,,,,,,,,,,Zaplątanie,,,,,,,,Запутана,,,,,,,,Заплутана,,,,,,,,,,,,,yes
construct,,,,,,,,механізм,Агульнае,,,,,,,KONSTRUKT,,,,,,,,АГРЕГАТ,,,,,,,,КОНСТРУКТ,,,,,,,,,,,,,yes
blessing,,,,,,,,дабраславенне,Агульнае,,,,,,,Błogosłowenie,,,,,,,,благословения ,,,,,,,,благословення ,,,,,,,,,,,,,yes
Osty,,,,,,,,Костусь,,,,,MASCULINE,STS2,,Kostek,,,,,,,,Костя,,,,,,,,Ості,,,,,,,,,,,,,yes
Nonupeipe,,,,,,,,Нанупэйпэ,Старажытны,,,,FEMININE,STS2,,Nonupeipe,,,,,,,,Нонупейпе,,,,,,,,Нонупейпе,,,,,,,,,,,,,yes
Adaptive Strike,,,,,,,,Адаптыўны ўдар,карта,,,,,,,,,,,,,,,,,,,,,,,,,,,,,,,,,,,,yes
Adrenaline,,,,,,,,адрэналін,карта,,,,,,,,,,,,,,,,,,,,,,,,,,,,,,,,,,,,yes
Afterimage,,,,,,,,астаткавы вобраз,карта,,,,,,,Powidok,,,,,,,,След в воздухе,,,,,,,,Відблиск,,,,,,,,,,,,,yes
Afterlife,,,,,,,,Той свет,карта,,,,,,,Życie po śmierci,,,,,,,,Загробная жизнь,,,,,,,,Потойбіччя,,,,,,,,,,,,,yes
Aggression,,,,,,,,Агрэсія,карта,,,,,,,Agresja,,,,,,,,Агрессия,,,,,,,,Агресія,,,,,,,,,,,,,yes
Alchemize,,,,,,,,,,,,,,,,Alchemizacja,,,,,,,,Алхимия,,,,,,,,Алхімія,,,,,,,,,,,,,yes
All for One,,,,,,,,,,,,,,,,Wszyscy za jednego,,,,,,,,Все за одного,,,,,,,,Все Заради Одного,,,,,,,,,,,,,yes
Anger,,,,,,,,Гнеў,карта,,,,,,,Złość,,,,,,,,Злоба,,,,,,,,Лють,,,,,,,,,,,,,yes
Anointed,,,,,,,,,,,,,,,,Koronacja,,,,,,,,Избрание,,,,,,,,Помазаний,,,,,,,,,,,,,yes
Anticipate,,,,,,,,Прадбачлівасць,карта,,,,,,,Przewidywanie,,,,,,,,Шестое чувство,,,,,,,,Передчуття,,,,,,,,,,,,,yes
Apotheosis,,,,,,,,Апафеоз,карта,,,,,,,Apoteoza,,,,,,,,Апофеоз,,,,,,,,Апофеоз,,,,,,,,,,,,,yes
Apparition,,,,,,,,Сцень,карта,,,,,,,Duch,,,,,,,,Привидение,,,,,,,,Примара,,,,,,,,,,,,,yes
Inklet,,,,,,,,чэрняня,праціўнік,,,,NEUTER,STS2,,Kropelka,,,,,,,,Чернильник,,,,,,,,Чорнильце,,,,,,,,,,,,,yes
Mawler,,,,,,,,,,,,,,,,Paszczur,,,,,,,,Клыкозавр,,,,,,,,Пащекрут,,,,,,,,,,,,,yes
Raider,,,,,,,,,,,,,,,,"/залежыць ад тыпу пачвары (з сякерай Topornik, з самастрэлам Kusznik і гд)",,,,,,,,Мародер,,,,,,,,Рейдер,,,,,,,,,,,,,yes
Shrinker Beetle,,,,,,,,Жук-памяншальнік,праціўнік,,,,,STS2,,Żuczek Kurczyciel,,,,,,,,Жук-ужиматель,,,,,,,,Жук-зменшувач,,,,,,,,,,,,,yes
Twig Slime,,,,,,,,,,,,,,,,Śluzak Wielki,,,,,,,,Сучковый слизень,,,,,,,,Гілковий слимак,,,,,,,,,,,,,yes
Leaf Slime,,,,,,,,Ліставы смоўж,праціўнік,,,,,STS2,,Śluzak Wielki,,,,,,,,Лиственный слизень,,,,,,,,Листковий слимак,,,,,,,,,,,,,yes
Vine Shambler,,,,,,,,,,,,,,,,Pnączowór,,,,,,,,Заросший скиталец,,,,,,,,Ліаноплет,,,,,,,,,,,,,yes
Flyconid,,,,,,,,,,,,,,,,Musznica,,,,,,,,Мухамор,,,,,,,,Мухогриб,,,,,,,,,,,,,yes
Snapping Jaxfruit,,,,,,,,,,,,,,,,Kwiat Energii,,,,,,,,Зрелый джаксфрут,,,,,,,,Кусючий джекфрукт,,,,,,,,,,,,,yes
Slithering Strangler,,,,,,,,Паўзучы душыцель,праціўнік,,,,,STS2,,Ślizgi Dusiciel,,,,,,,,Ползучий горлодав,,,,,,,,Повзучий душитель,,,,,,,,,,,,,yes
Corpse Slug,,,,,,,,Трупны смоўж,праціўнік,,,,,STS2,,Ślimak Trupojad,,,,,,,,Слизень-падальщик,,,,,,,,Трупний слимак,,,,,,,,,,,,,yes
Calcified Cultist,,,,,,,,,,,,,,,,Zwapniały Kultysta,,,,,,,,Окаменелый культист,,,,,,,,Закам'янілий культист,,,,,,,,,,,,,yes
Damp Cultist,,,,,,,,,,,,,,,,Zwilgotniały Kultysta,,,,,,,,Промокший культист,,,,,,,,Вогкий культист,,,,,,,,,,,,,yes
Fossil Stalker,,,,,,,,,,,,,,,,Skamieliniak,,,,,,,,Хвостолов-отшельник,,,,,,,,Скам'янілий переслідувач,,,,,,,,,,,,,yes
Gremlin Merc,,,,,,,,грэмлін-наёмнік,,,,,,,,Gremlin Rabuś,,,,,,,,Гремлин-наемник,,,,,,,,Ґремлін-найманець,,,,,,,,,,,,,yes
Haunted Ship,,,,,,,,Пракляты карабель,праціўнік,,,,,STS2,,Nawiedzony Statek,,,,,,,,Проклятое судно,,,,,,,,Примарний корабель,,,,,,,,,,,,,yes
Living Fog,,,,,,,,Жывы туман,праціўнік,,,,,STS2,,Żywa Mgła,,,,,,,,Живой туман,,,,,,,,Живий туман,,,,,,,,,,,,,yes
Sewer Clam,,,,,,,,Сцёкавы малюск,праціўнік,,,,,STS2,,Małża Ściekowa,,,,,,,,Сточный моллюск,,,,,,,,Каналізаційна мушля,,,,,,,,,,,,,yes
Sludge Spinner,,,,,,,,Глеісты вяртун,праціўнік,,,,,STS2,,Wirówka,,,,,,,,Грязевой вертоплюй,,,,,,,,Мулокрут,,,,,,,,,,,,,yes
Toadpole,,,,,,,,апалонік,праціўнік,,,,MASCULINE,STS2,,Kijanka,,,,,,,,Головастик,,,,,,,,Жабеня,,,,,,,,,,,,,yes
Two-Tailed Rats,,,,,,,,двухвостыя пацукі,праціўнік,,,,,STS2,,Zmutowany Szczur,,,,,,,,Двухвостые крысы,,,,,,,,Двохвості пацюки,,,,,,,,,,,,,yes
Bowlbug,,,,,,,,чашажук,,,,,,,,Robal,,,,,,,,Полый рогач,,,,,,,,Чашежук,,,,,,,,,,,,,yes
Chomper,,,,,,,,,,,,,,,,Gryzak,,,,,,,,Зубастик,,,,,,,,Хрумкач,,,,,,,,,,,,,yes
Exoskeleton,,,,,,,,экзашкілет,праціўнік,,,,,STS2,,Egzoszkielet,,,,,,,,Экзоскелет,,,,,,,,Екзоскелет,,,,,,,,,,,,,yes
Hunter Killer,,,,,,,,,,,,,,,,Zabójczy Łowca,,,,,,,,Убийца охотников,,,,,,,,Мисливець-вбивця,,,,,,,,,,,,,yes
Louse Progenitor,,,,,,,,,,,,,,,,Protowesz,,,,,,,,Королевская вошь,,,,,,,,Воша-прародитель,,,,,,,,,,,,,yes
Ovicopter,,,,,,,,,,,,,,,,Jajokopter,,,,,,,,Овикоптер,,,,,,,,Овікоптер,,,,,,,,,,,,,yes
Spiny Toad,,,,,,,,,,,,,,,,Kolczasta Ropucha,,,,,,,,Ежовая жаба,,,,,,,,Шипаста ропуха,,,,,,,,,,,,,yes
The Obscura,,,,,,,,,,,,,,,,Zasłona,,,,,,,,Обскура,,,,,,,,Обскура,,,,,,,,,,,,,yes
Thieving Hopper,,,,,,,,Конік-злодзей,праціўнік,,,,,STS2,,Złodziejski Skoczek,,,,,,,,Загребущая цикада,,,,,,,,Стрибун-злодій,,,,,,,,,,,,,yes
Tunneler,,,,,,,,,,,,,,,,Tunelowiec,,,,,,,,Разрыхлитель,,,,,,,,Копач,,,,,,,,,,,,,yes
Axebot,,,,,,,,сякеробат,праціўнік,,,,MASCULINE,STS2,,Siekierobot,,,,,,,,Рубот,,,,,,,,Сокиробот,,,,,,,,,,,,,yes
Devoted Sculptor,,,,,,,,,,,,,,,,Zagorzały Rzeźbiarz,,,,,,,,Одержимый скульптор,,,,,,,,Відданий скульптор,,,,,,,,,,,,,yes
Fabricator,,,,,,,,,,,,,,,,Mechanik,,,,,,,,Сборщик,,,,,,,,Фабрикатор,,,,,,,,,,,,,yes
Frog Knight,,,,,,,,Жабцэлот,праціўнік,,,,MASCULINE,STS2,,Żabi Rycerz,,,,,,,,Сэр лягушка,,,,,,,,Жаб'ячий лицар,,,,,,,,,,,,,yes
Globe Head,,,,,,,,,,,,,,,,Plazmogłowy,,,,,,,,Шароголовый,,,,,,,,Кулеголов,,,,,,,,,,,,,yes
Living Shield,,,,,,,,жывы шчыт,праціўнік,,,,,STS2,,Żywa Tarcza,,,,,,,,Живой щит,,,,,,,,Живий щит,,,,,,,,,,,,,yes
Turret Operator,,,,,,,,,,,,,,,,Szczur z CKM-em,,,,,,,,Наводчик,,,,,,,,Оператор турелі,,,,,,,,,,,,,yes
Owl Magistrate,,,,,,,,,,,,,,,,Sędzia,,,,,,,,Сова юстициарий,,,,,,,,Сова-магістрат,,,,,,,,,,,,,yes
Slimed Berserker,,,,,,,,Аслізлы берсерк,,,,,,,,Śluzak Berserker,,,,,,,,Ослизненный берсерк,,,,,,,,Заслизнений берсерк,,,,,,,,,,,,,yes
The Lost,,,,,,,,Згублены,праціўнік,,,,,STS2,,Porzucony,,,,,,,,Пропащий,,,,,,,,Загублений,,,,,,,,,,,,,yes
The Forgotten,,,,,,,,Забыты,праціўнік,,,,,STS2,,Zapomniany,,,,,,,,Забытый,,,,,,,,Забутий,,,,,,,,,,,,,yes
Ceremonial Beast,,,,,,,,,,,,,,,,Leśnym Stróżem,,,,,,,,Хранитель обряда,,,,,,,,Церемоніальний звір,,,,,,,,,,,,,yes
Kin Priest,,,,,,,,,,,,,,,,Kapłan,,,,,,,,Пастырь стаи,,,,,,,,Жрець Братства,,,,,,,,,,,,,yes
Vantom,,,,,,,,вантом,бос,,,,,STS2,,Fantomem,,,,,,,,Вантом,,,,,,,,Вантом,,,,,,,,,,,,,yes
Lagavulin Matriarch,,,,,,,,,,,,,,,,Królową Lagavulinów,,,,,,,,Праматерь лагавулинов,,,,,,,,Лагавулін-матріарх,,,,,,,,,,,,,yes
Soul Fysh,,,,,,,,душарыб,,,,,,,,Duszą Rypki,,,,,,,,Призрачный рыб,,,,,,,,Душориба,,,,,,,,,,,,,yes
Waterfall Giant,,,,,,,,вадаспадны вялікан,бос,,,,,STS2,,Kaskadowym Olbrzymem,,,,,,,,Рифовый великан,,,,,,,,Водоспадний велетень,,,,,,,,,,,,,yes
Kaiser Crab,,,,,,,,,,,,,,,,Krabem Cesarskim,,,,,,,,Царь-краб,,,,,,,,Кайзер-краб,,,,,,,,,,,,,yes
Knowledge Demon,,,,,,,,Дэман-усёвед,бос,,,,MASCULINE,STS2,,Demonem Wiedzy,,,,,,,,Всезнающий демон,,,,,,,,Демон знань,,,,,,,,,,,,,yes
The Insatiable,,,,,,,,Ненасытны,бос,,,,,STS2,,Nienasycony,,,,,,,,Проглот,,,,,,,,Ненаситний,,,,,,,,,,,,,yes
Doormaker,,,,,,,,,,,,,,,,Drzwiarzem,,,,,,,,Привратник,,,,,,,,Дверотворець,,,,,,,,,,,,,yes
Queen,,,,,,,,каралева,бос,,,,FEMININE,STS2,,Królową,,,,,,,,Королева,,,,,,,,Королева,,,,,,,,,,,,,yes
Test Subject,,,,,,,,доследны,бос,,,,,STS2,,Eksperymentem,,,,,,,,Подопытный,,,,,,,,Піддослідний,,,,,,,,,,,,,yes
Spire,,,,,,,,Шпіль,лакацыя,,,,MASCULINE,STS2,,Iglicа,,,,,,,,Шпиль,,,,,,,,Шпиль,,,,,,,,,,,,,yes
deal,,,,,,,,прычыніць,"ключавое слова, дзеянне карты",,,,,,,Zadać,,,,,,,,Наносить,,,,,,,,Наносить,,,,,,,,,,,,,yes
Channel,,,,,,,,зараджанне сфер,ключавое слова,,,,,,,Załadowanie,,,,,,,,Зарядка сфер,,,,,,,,Спрямування,,,,,,,,,,,,,yes
Tezcatara ,,,,,,,,Тэцкатара,Старажытны,,,,FEMININE,STS2,,Tezcatara ,,,,,,,,Тецкатара ,,,,,,,,Тецкатара ,,,,,,,,,,,,,yes
Exhaust,,,,,,,,спаліць,"ключавое слова, уласцівасць карты",,,,,,,Wyczerpanie,,,,,,,,Сжигается,,,,,,,,Спалити,,,,,,,,,,,,,yes
Soul Nexus,,,,,,,,,,,,,,,,Spojenie Dusz,,,,,,,,Чистилище душ,,,,,,,,Вузол душ,,,,,,,,,,,,,yes
Darv,,,,,,,,Дарв,Старажытны,,,,,STS2,,Darv,,,,,,,,Дарв,,,,,,,,Дарв,,,,,,,,,,,,,yes
Orobas,,,,,,,,Аробас,Старажытны,,,,,STS2,,Orobas,,,,,,,,Оробас,,,,,,,,Оробас,,,,,,,,,,,,,yes
Comnpendium,,,,,,,,кампендыум,,,,,,,,Kompendium,,,,,,,,Компендиум,,,,,,,,Довідник,,,,,,,,,,,,,yes
Skulking Colony,,,,,,,,,,,,,,,,Żywa Rafa Koralowa,,,,,,,,Копотливая колония,,,,,,,,Потайна колонія,,,,,,,,,,,,,yes
Phantasmal Gardener,,,,,,,,,,,,,,,,Węgorzówka,,,,,,,,Фантомный альгочист,,,,,,,,Примарний садівник,,,,,,,,,,,,,yes
Terror Eel,,,,,,,,,,,,,,,,Węgorzor,,,,,,,,Испугорь,,,,,,,,Жахливий вугор,,,,,,,,,,,,,yes
Bygone Effigy,,,,,,,,,,,,,,,,Starodawna Figura,,,,,,,,Античный истукан,,,,,,,,Забутий ідол,,,,,,,,,,,,,yes
Byrdonis,,,,,,,,,,,,,,,,Ptaszor,,,,,,,,Птахоклюй,,,,,,,,Пташедон,,,,,,,,,,,,,yes
Phrog Parasite,,,,,,,,,,,,,,,,Zainfekowana Żapka,,,,,,,,Лягуш-паразит,,,,,,,,Жаба-паразит,,,,,,,,,,,,,yes
Entomancer,,,,,,,,Энтамант,Элітны праціўнік,,,,,STS2,,Pszczelarz,,,,,,,,Энтомант,,,,,,,,Ентомансер,,,,,,,,,,,,,yes
Decimillipede,,,,,,,,,,,,,,,,Wielonoga,,,,,,,,Скольконожка,,,,,,,,Децимілліпед,,,,,,,,,,,,,yes
Block,,,,,,,,браня,"ключавое слова, уласцівасць карты",,,,,,,Blok,,,,,,,,Защита,,,,,,,,Броня,,,,,,,,,,,,,yes
Blight,,,,,,,,пошасць,,,,,,,,Zaraza,,,,,,,,Гниль,,,,,,,,Порча,,,,,,,,,,,,,yes
Shiv,,,,,,,,швайка ,"ключавое слова, назва карты",,,,,,,Nóż,,,,,,,,Заточка,,,,,,,,Запоясник,,,,,,,,,,,,,yes
Focus,,,,,,,,канцэнтрацыя,"ключаваое слова, механіка",,,,,,,Skupienie,,,,,,,,фокус,,,,,,,,Зосередження,,,,,,,,,,,,,yes
Colorless ,,,,,,,,бясколерны,"ключавое слова, уласцівасць карты",,,,,,,,,,,,,,,,,,,,,,,,,,,,,,,,,,,,yes
Affliction,,,,,,,,псота,,,,,,,,przekleństwo,,,,,,,,порча,,,,,,,,ураження,,,,,,,,,,,,,yes
Timeline ,,,,,,,,летапіс,,,,,,STS2,,,,,,,,,,,,,,,,,,,,,,,,,,,,,,,yes
Intangible,,,,,,,,неадчувальнасць,Агульнае,,,,,,,Nieuchwytność,,,,,,,,Неосязаемость,,,,,,,,Невловимий,,,,,,,,,,,,,yes
Vulnerable,,,,,,,,безабароннасць,Агульнае,,,,,,,Wrażliwość,,,,,,,,Уязвимость,,,,,,,,Уразливий,,,,,,,,,,,,,yes
Poison,,,,,,,,атрута,Агульнае,,,,,,,Trucizna,,,,,,,,Яд,,,,,,,,Отрута,,,,,,,,,,,,,yes
Dexterity,,,,,,,,спрытнасць,Агульнае,,,,,,,Zręczność,,,,,,,,Ловкость,,,,,,,,Спритність,,,,,,,,,,,,,yes
Apply ,,,,,,,,накласці,"ключавое слова, механіка",,,,,,,Nałożyć,,,,,,,,Накладываць,,,,,,,,Накласти,,,,,,,,,,,,,yes
Evoke,,,,,,,,разраджанне сфер,"ключавое слова, механіка",,,,,,,Wyładowanie,,,,,,,,Разрядка сфер,,,,,,,,Вивільнити,,,,,,,,,,,,,yes
Minion,,,,,,,,паслугач,"ключавое слова, механіка",,,,,,,Pomagier,,,,,,,,Прислужник,,,,,,,,Прибічник,,,,,,,,,,,,,yes
Folly,,,,,,,,дарэмнасць,,,,,,,,,,,,,,,,Тщетность,,,,,,,,Дурість,,,,,,,,,,,,,yes
Enchant,,,,,,,,заклясці,,,,,,,,,,,,,,,,,,,,,,,,,,,,,,,,,,,,,yes
Strike,,,,,,,,удар,,,,,,,,,,,,,,,,,,,,,,,,,,,,,,,,,,,,,yes
сlaw ,,,,,,,,кіпцюр,,,,,,,,,,,,,,,,,,,,,,,,,,,,,,,,,,,,,yes
rival,,,,,,,,супар,,,,,,,,,,,,,,,,,,,,,,,,,,,,,,,,,,,,,yes
Transform,,,,,,,,пераўтварыць,,,,,,,,,,,,,,,,,,,,,,,,,,,,,,,,,,,,,yes
Greed,,,,,,,,хцівасць,,,,,,,,,,,,,,,,,,,,,,,,,,,,,,,,,,,,,yes
potent,,,,,,,,моцнадзейны,,,,,,,,,,,,,,,,,,,,,,,,,,,,,,,,,,,,,yes
